Mood,Type,Title,Language,Era
Happy,Movie,Hera Pheri,Hindi,Old
Happy,Movie,Welcome,Hindi,Old
Happy,Movie,Andaz Apna Apna,Hindi,Old
Happy,Movie,Hum Aapke Hain Koun,Hindi,Old
Happy,Movie,Dilwale Dulhania Le Jayenge,Hindi,Old
Happy,Movie,Chupke Chupke,Hindi,Old
Happy,Movie,Amar Akbar Anthony,Hindi,Old
Happy,Movie,Jaane Bhi Do Yaaro,Hindi,Old
Happy,Movie,Angoor,Hindi,Old
Happy,Movie,Gol Maal (1979),Hindi,Old
Happy,Movie,Khoobsurat (1980),Hindi,Old
Happy,Movie,Chashme Buddoor,Hindi,Old
Happy,Movie,Bawarchi,Hindi,Old
Happy,Movie,Padosan,Hindi,Old
Happy,Movie,Namak Halaal,Hindi,Old
Happy,Movie,Mr India,Hindi,Old
Happy,Movie,Hum Saath Saath Hain,Hindi,Old
Happy,Movie,Bade Miyan Chote Miyan,Hindi,Old
Happy,Movie,Karan Arjun,Hindi,Old
Happy,Movie,Judwaa,Hindi,Old
Happy,Movie,3 Idiots,Hindi,Mid
Happy,Movie,Zindagi Na Milegi Dobara,Hindi,Mid
Happy,Movie,Barfi,Hindi,Mid
Happy,Movie,PK,Hindi,Mid
Happy,Movie,Queen,Hindi,Mid
Happy,Movie,Yeh Jawaani Hai Deewani,Hindi,Mid
Happy,Movie,Chennai Express,Hindi,Mid
Happy,Movie,Housefull,Hindi,Mid
Happy,Movie,Dostana,Hindi,Mid
Happy,Movie,Bhool Bhulaiyaa,Hindi,Mid
Happy,Movie,Partner,Hindi,Mid
Happy,Movie,Welcome Back,Hindi,Mid
Happy,Movie,Ajab Prem Ki Ghazab Kahani,Hindi,Mid
Happy,Movie,De Dana Dan,Hindi,Mid
Happy,Movie,Singh Is Kinng,Hindi,Mid
Happy,Movie,No Entry,Hindi,Mid
Happy,Movie,Garam Masala,Hindi,Mid
Happy,Movie,Khosla Ka Ghosla,Hindi,Mid
Happy,Movie,Delhi Belly,Hindi,Mid
Happy,Movie,Go Goa Gone,Hindi,Mid
Happy,Movie,Chhichhore,Hindi,New
Happy,Movie,Good Newwz,Hindi,New
Happy,Movie,Jug Jug Jeeyo,Hindi,New
Happy,Movie,Rocky Aur Rani,Hindi,New
Happy,Movie,Doctor G,Hindi,New
Happy,Movie,Tu Jhoothi Main Makkaar,Hindi,New
Happy,Movie,Badhaai Do,Hindi,New
Happy,Movie,Stree,Hindi,New
Happy,Movie,Luka Chuppi,Hindi,New
Happy,Movie,Bala,Hindi,New
Happy,Movie,Mimi,Hindi,New
Happy,Movie,Dream Girl,Hindi,New
Happy,Movie,Shubh Mangal Zyada Saavdhan,Hindi,New
Happy,Movie,Sonu Ke Titu Ki Sweety,Hindi,New
Happy,Movie,Bareilly Ki Barfi,Hindi,New
Happy,Movie,Pati Patni Aur Woh,Hindi,New
Happy,Movie,Goodbye,Hindi,New
Happy,Movie,OMG 2,Hindi,New
Happy,Movie,Thank You,Hindi,New
Happy,Movie,Selfiee,Hindi,New
Happy,Movie,Home Alone,English,Old
Happy,Movie,The Mask,English,Old
Happy,Movie,Mrs Doubtfire,English,Old
Happy,Movie,Matilda,English,Old
Happy,Movie,Pretty Woman,English,Old
Happy,Movie,Big,English,Old
Happy,Movie,Clueless,English,Old
Happy,Movie,Groundhog Day,English,Old
Happy,Movie,Rush Hour,English,Old
Happy,Movie,The Truman Show,English,Old
Happy,Movie,Baby's Day Out,English,Old
Happy,Movie,Beethoven,English,Old
Happy,Movie,The Parent Trap,English,Old
Happy,Movie,Flubber,English,Old
Happy,Movie,George of the Jungle,English,Old
Happy,Movie,The Santa Clause,English,Old
Happy,Movie,Air Bud,English,Old
Happy,Movie,My Cousin Vinny,English,Old
Happy,Movie,A League of Their Own,English,Old
Happy,Movie,The Addams Family,English,Old
Happy,Movie,Yes Man,English,Mid
Happy,Movie,The Intern,English,Mid
Happy,Movie,School of Rock,English,Mid
Happy,Movie,Mamma Mia!,English,Mid
Happy,Movie,Mean Girls,English,Mid
Happy,Movie,Legally Blonde,English,Mid
Happy,Movie,The Hangover,English,Mid
Happy,Movie,Pitch Perfect,English,Mid
Happy,Movie,Little Miss Sunshine,English,Mid
Happy,Movie,Julie & Julia,English,Mid
Happy,Movie,500 Days of Summer,English,Mid
Happy,Movie,Easy A,English,Mid
Happy,Movie,Step Brothers,English,Mid
Happy,Movie,Superbad,English,Mid
Happy,Movie,The Devil Wears Prada,English,Mid
Happy,Movie,The Proposal,English,Mid
Happy,Movie,Notting Hill,English,Mid
Happy,Movie,Bridget Jones's Diary,English,Mid
Happy,Movie,Elf,English,Mid
Happy,Movie,Enchanted,English,Mid
Happy,Movie,Free Guy,English,New
Happy,Movie,Paddington 2,English,New
Happy,Movie,Barbie,English,New
Happy,Movie,Encanto,English,New
Happy,Movie,Soul,English,New
Happy,Movie,Cruella,English,New
Happy,Movie,The Greatest Showman,English,New
Happy,Movie,Spider-Man Homecoming,English,New
Happy,Movie,Thor Ragnarok,English,New
Happy,Movie,Guardians of the Galaxy,English,New
Happy,Movie,Jumanji Welcome to the Jungle,English,New
Happy,Movie,The Secret Life of Pets,English,New
Happy,Movie,Zootopia,English,New
Happy,Movie,Sing,English,New
Happy,Movie,The Lego Movie,English,New
Happy,Movie,Finding Dory,English,New
Happy,Movie,Coco,English,New
Happy,Movie,Aladdin (2019),English,New
Happy,Movie,Minions,English,New
Happy,Movie,The Intern Returns,English,New
Happy,Music,Yeh Dosti,Hindi,Old
Happy,Music,Dum Maro Dum,Hindi,Old
Happy,Music,Jai Ho,Hindi,Old
Happy,Music,Ek Ladki Ko Dekha To,Hindi,Old
Happy,Music,Mere Sapno Ki Rani,Hindi,Old
Happy,Music,Aaj Kal Tere Mere Pyar Ke Charche,Hindi,Old
Happy,Music,Roop Tera Mastana,Hindi,Old
Happy,Music,Papa Kehte Hain,Hindi,Old
Happy,Music,Om Shanti Om,Hindi,Old
Happy,Music,My Name Is Lakhan,Hindi,Old
Happy,Music,Yeh Galiyan Yeh Chaubara,Hindi,Old
Happy,Music,Khaike Paan Banaraswala,Hindi,Old
Happy,Music,Jumma Chumma De De,Hindi,Old
Happy,Music,Ek Do Teen,Hindi,Old
Happy,Music,Hawa Hawai,Hindi,Old
Happy,Music,Chaiyya Chaiyya,Hindi,Old
Happy,Music,Tamma Tamma Loge,Hindi,Old
Happy,Music,Dil To Pagal Hai,Hindi,Old
Happy,Music,Tip Tip Barsa Pani,Hindi,Old
Happy,Music,Tujhe Dekha To,Hindi,Old
Happy,Music,Badtameez Dil,Hindi,Mid
Happy,Music,Ilahi,Hindi,Mid
Happy,Music,Gallan Goodiyan,Hindi,Mid
Happy,Music,London Thumakda,Hindi,Mid
Happy,Music,Senorita,Hindi,Mid
Happy,Music,Subha Hone Na De,Hindi,Mid
Happy,Music,Zoobi Doobi,Hindi,Mid
Happy,Music,Dil Dhadakne Do,Hindi,Mid
Happy,Music,Radha,Hindi,Mid
Happy,Music,Desi Girl,Hindi,Mid
Happy,Music,Char Baj Gaye,Hindi,Mid
Happy,Music,Tu Meri,Hindi,Mid
Happy,Music,Malang,Hindi,Mid
Happy,Music,Balam Pichkari,Hindi,Mid
Happy,Music,Abhi Toh Party Shuru Hui Hai,Hindi,Mid
Happy,Music,Nagada Sang Dhol,Hindi,Mid
Happy,Music,Ainvayi Ainvayi,Hindi,Mid
Happy,Music,Chogada,Hindi,Mid
Happy,Music,Chammak Challo,Hindi,Mid
Happy,Music,Love You Zindagi,Hindi,Mid
Happy,Music,Kar Gayi Chull,Hindi,New
Happy,Music,Nachde Ne Saare,Hindi,New
Happy,Music,Tareefan,Hindi,New
Happy,Music,Apna Bana Le,Hindi,New
Happy,Music,Kesariya,Hindi,New
Happy,Music,Param Sundari,Hindi,New
Happy,Music,Raatan Lambiyan,Hindi,New
Happy,Music,Saami Saami,Hindi,New
Happy,Music,Jhoome Jo Pathaan,Hindi,New
Happy,Music,Besharam Rang,Hindi,New
Happy,Music,Tumse Milke Dil Ka,Hindi,New
Happy,Music,Raataan Lambiyan,Hindi,New
Happy,Music,Jugnu,Hindi,New
Happy,Music,Dance Ka Bhoot,Hindi,New
Happy,Music,Current Laga Re,Hindi,New
Happy,Music,Bijlee Bijlee,Hindi,New
Happy,Music,Manike,Hindi,New
Happy,Music,Raabta (Reprise),Hindi,New
Happy,Music,Heeriye,Hindi,New
Happy,Music,Phir Aur Kya Chahiye,Hindi,New
Happy,Music,Don't Stop Me Now,English,Old
Happy,Music,Dancing Queen,English,Old
Happy,Music,Stayin Alive,English,Old
Happy,Music,September,English,Old
Happy,Music,Good Vibrations,English,Old
Happy,Music,Walking on Sunshine,English,Old
Happy,Music,Happy Together,English,Old
Happy,Music,ABC,English,Old
Happy,Music,I'm a Believer,English,Old
Happy,Music,Wake Me Up Before You Go-Go,English,Old
Happy,Music,U Can't Touch This,English,Old
Happy,Music,Holiday,English,Old
Happy,Music,Beat It,English,Old
Happy,Music,Thriller,English,Old
Happy,Music,Footloose,English,Old
Happy,Music,You Make My Dreams,English,Old
Happy,Music,I Want You Back,English,Old
Happy,Music,Rock with You,English,Old
Happy,Music,Lovely Day,English,Old
Happy,Music,Ain't No Mountain High Enough,English,Old
Happy,Music,Uptown Funk,English,Mid
Happy,Music,Happy,English,Mid
Happy,Music,On Top of the World,English,Mid
Happy,Music,Sugar,English,Mid
Happy,Music,Counting Stars,English,Mid
Happy,Music,Shake It Off,English,Mid
Happy,Music,Firework,English,Mid
Happy,Music,Good Time,English,Mid
Happy,Music,Rather Be,English,Mid
Happy,Music,Roar,English,Mid
Happy,Music,Call Me Maybe,English,Mid
Happy,Music,Party Rock Anthem,English,Mid
Happy,Music,Tik Tok,English,Mid
Happy,Music,We Found Love,English,Mid
Happy,Music,Just the Way You Are,English,Mid
Happy,Music,Can't Stop the Feeling,English,Mid
Happy,Music,Best Day of My Life,English,Mid
Happy,Music,I Gotta Feeling,English,Mid
Happy,Music,Wake Me Up,English,Mid
Happy,Music,Feel This Moment,English,Mid
Happy,Music,Dynamite,English,New
Happy,Music,Levitating,English,New
Happy,Music,Blinding Lights,English,New
Happy,Music,As It Was,English,New
Happy,Music,Watermelon Sugar,English,New
Happy,Music,Peaches,English,New
Happy,Music,Sunroof,English,New
Happy,Music,Stay,English,New
Happy,Music,Good 4 U,English,New
Happy,Music,Heat Waves,English,New
Happy,Music,Industry Baby,English,New
Happy,Music,About Damn Time,English,New
Happy,Music,Flowers,English,New
Happy,Music,Anti-Hero,English,New
Happy,Music,Golden,English,New
Happy,Music,Adore You,English,New
Happy,Music,Shivers,English,New
Happy,Music,Unstoppable,English,New
Happy,Music,Espresso,English,New
Happy,Music,Greedy,English,New
Happy,Book,The Alchemist,English,Mid
Happy,Book,Rich Dad Poor Dad,English,Mid
Happy,Book,Think and Grow Rich,English,Mid
Happy,Book,The Power of Now,English,Mid
Happy,Book,Start With Why,English,Mid
Happy,Book,Grit,English,Mid
Happy,Book,Deep Work,English,Mid
Happy,Book,The Happiness Project,English,Mid
Happy,Book,Big Magic,English,Mid
Happy,Book,Make Your Bed,English,Mid
Happy,Book,The Secret,English,Mid
Happy,Book,Outliers,English,Mid
Happy,Book,Drive,English,Mid
Happy,Book,Flow,English,Mid
Happy,Book,The 7 Habits of Highly Effective People,English,Mid
Happy,Book,Who Moved My Cheese,English,Mid
Happy,Book,Awaken the Giant Within,English,Mid
Happy,Book,You Can Win,English,Mid
Happy,Book,Think Big,English,Mid
Happy,Book,The Magic of Thinking Big,English,Mid
Happy,Book,Atomic Habits,English,New
Happy,Book,Ikigai,English,New
Happy,Book,The Psychology of Money,English,New
Happy,Book,Do Epic Shit,English,New
Happy,Book,Life's Amazing Secrets,English,New
Happy,Book,Think Like a Monk,English,New
Happy,Book,You Are a Badass,English,New
Happy,Book,The 5 AM Club,English,New
Happy,Book,Can't Hurt Me,English,New
Happy,Book,The Comfort Book,English,New
Happy,Book,Greenlights,English,New
Happy,Book,The Mountain Is You,English,New
Happy,Book,Make Time,English,New
Happy,Book,Joy at Work,English,New
Happy,Book,Digital Minimalism,English,New
Happy,Book,Essentialism,English,New
Happy,Book,The Code of the Extraordinary Mind,English,New
Happy,Book,Limitless,English,New
Happy,Book,The Almanack of Naval Ravikant,English,New
Happy,Book,Keep Going,English,New
Happy,Series,Friends,English,Mid
Happy,Series,The Office,English,Mid
Happy,Series,Brooklyn Nine-Nine,English,Mid
Happy,Series,How I Met Your Mother,English,Mid
Happy,Series,Modern Family,English,Mid
Happy,Series,The Big Bang Theory,English,Mid
Happy,Series,Gilmore Girls,English,Mid
Happy,Series,New Girl,English,Mid
Happy,Series,Jane the Virgin,English,Mid
Happy,Series,The Good Place,English,Mid
Happy,Series,Full House,English,Mid
Happy,Series,Two and a Half Men,English,Mid
Happy,Series,That '70s Show,English,Mid
Happy,Series,Parks and Recreation,English,Mid
Happy,Series,Chuck,English,Mid
Happy,Series,Scrubs,English,Mid
Happy,Series,Community,English,Mid
Happy,Series,Malcolm in the Middle,English,Mid
Happy,Series,Entourage,English,Mid
Happy,Series,Arrested Development,English,Mid
Happy,Series,Emily in Paris,English,New
Happy,Series,Ted Lasso,English,New
Happy,Series,Sex Education,English,New
Happy,Series,Never Have I Ever,English,New
Happy,Series,Young Sheldon,English,New
Happy,Series,Schitt's Creek,English,New
Happy,Series,Kim's Convenience,English,New
Happy,Series,Atypical,English,New
Happy,Series,The Marvelous Mrs. Maisel,English,New
Happy,Series,Upload,English,New
Happy,Series,The Good Doctor,English,New
Happy,Series,The Bear,English,New
Happy,Series,Wednesday,English,New
Happy,Series,Only Murders in the Building,English,New
Happy,Series,Bridgerton,English,New
Happy,Series,Heartstopper,English,New
Happy,Series,Kota Factory,Hindi,New
Happy,Series,Panchayat,Hindi,New
Happy,Series,Gullak,Hindi,New
Happy,Series,TVF Pitchers,Hindi,New
Happy,Series,Friends,English,Mid
Happy,Series,The Office,English,Mid
Happy,Series,Brooklyn Nine-Nine,English,Mid
Happy,Series,How I Met Your Mother,English,Mid
Happy,Series,Modern Family,English,Mid
Happy,Series,The Big Bang Theory,English,Mid
Happy,Series,Emily in Paris,English,New
Happy,Series,Ted Lasso,English,New
Happy,Series,Sex Education,English,New
Happy,Series,Never Have I Ever,English,New
Happy,Series,Young Sheldon,English,New
Happy,Series,Schitt's Creek,English,New
Happy,Series,Kim's Convenience,English,New
Happy,Series,Atypical,English,New
Happy,Series,The Good Place,English,Mid
Happy,Series,Heartstopper,English,New
Happy,Series,The Marvelous Mrs. Maisel,English,New
Happy,Series,Upload,English,New
Happy,Series,Jane the Virgin,English,Mid
Happy,Series,Fuller House,English,New
Happy,Series,Crash Landing on You,English,New
Happy,Series,What's Wrong with Secretary Kim,English,Mid
Happy,Series,Strong Woman Do Bong Soon,English,Mid
Happy,Series,Business Proposal,English,New
Happy,Series,Weightlifting Fairy Kim Bok Joo,English,Mid
Happy,Series,Hometown Cha-Cha-Cha,English,New
Happy,Series,True Beauty,English,New
Happy,Series,My ID is Gangnam Beauty,English,Mid
Happy,Series,Love O2O,English,Mid
Happy,Series,Go Ahead,English,New
Happy,Series,Mismatched,Hindi,New
Happy,Series,Highway Love,Hindi,New
Happy,Series,School Friends,Hindi,New
Happy,Series,Ishq Express,Hindi,New
Happy,Series,Little Things,Hindi,Mid
Happy,Series,Flames,Hindi,Mid
Happy,Series,College Romance,Hindi,Mid
Happy,Series,Panchayat,Hindi,New
Happy,Series,Gullak,Hindi,New
Happy,Series,TVF Pitchers,Hindi,Mid
Happy,Series,Kota Factory,Hindi,Mid
Happy,Series,Please Find Attached,Hindi,Mid
Happy,Series,Adulting,Hindi,Mid
Happy,Series,What The Folks,Hindi,Mid
Happy,Series,Hostel Daze,Hindi,New
Happy,Series,Engineering Girls,Hindi,Mid
Happy,Series,Girls Hostel,Hindi,Mid
Happy,Series,Minus One,Hindi,New
Happy,Series,Cubicles,Hindi,Mid
Happy,Series,OK Computer,Hindi,New
Sad_Breakup,Movie,Tu Jhoothi Main Makkaar,Hindi,New
Sad_Breakup,Movie,Jug Jug Jeeyo,Hindi,New
Sad_Breakup,Movie,Rocky Aur Rani Ki Prem Kahani,Hindi,New
Sad_Breakup,Movie,Badhaai Do,Hindi,New
Sad_Breakup,Movie,Chhichhore,Hindi,New
Sad_Breakup,Movie,Mimi,Hindi,New
Sad_Breakup,Movie,Pati Patni Aur Woh,Hindi,New
Sad_Breakup,Movie,Luka Chuppi,Hindi,New
Sad_Breakup,Movie,Good Newwz,Hindi,New
Sad_Breakup,Movie,Dream Girl,Hindi,New
Sad_Breakup,Movie,Stree,Hindi,New
Sad_Breakup,Movie,Roohi,Hindi,New
Sad_Breakup,Movie,Doctor G,Hindi,New
Sad_Breakup,Movie,Bareilly Ki Barfi,Hindi,New
Sad_Breakup,Movie,Shubh Mangal Zyada Saavdhan,Hindi,New
Sad_Breakup,Movie,Thank God,Hindi,New
Sad_Breakup,Movie,OMG 2,Hindi,New
Sad_Breakup,Movie,Selfiee,Hindi,New
Sad_Breakup,Movie,Phone Bhoot,Hindi,New
Sad_Breakup,Movie,Goodbye,Hindi,New
Sad_Breakup,Music,Heeriye,Hindi,New
Sad_Breakup,Music,Kesariya,Hindi,New
Sad_Breakup,Music,Raataan Lambiyan,Hindi,New
Sad_Breakup,Music,Apna Bana Le,Hindi,New
Sad_Breakup,Music,Phir Aur Kya Chahiye,Hindi,New
Sad_Breakup,Music,Tere Vaaste,Hindi,New
Sad_Breakup,Music,What Jhumka,Hindi,New
Sad_Breakup,Music,Jugnu,Hindi,New
Sad_Breakup,Music,Pasoori (Hindi vibe),Hindi,New
Sad_Breakup,Music,Naatu Naatu,Hindi,New
Sad_Breakup,Music,Manike,Hindi,New
Sad_Breakup,Music,Arabic Kuthu,Hindi,New
Sad_Breakup,Music,Current Laga Re,Hindi,New
Sad_Breakup,Music,Bijlee Bijlee,Hindi,New
Sad_Breakup,Music,Players,Hindi,New
Sad_Breakup,Music,Designer,Hindi,New
Sad_Breakup,Music,Obsessed,Hindi,New
Sad_Breakup,Music,Maan Meri Jaan,Hindi,New
Sad_Breakup,Music,Lehanga,Hindi,New
Sad_Breakup,Music,Excuses,Hindi,New
Sad_Breakup,Book,Atomic Habits,English,New
Sad_Breakup,Book,Ikigai,English,New
Sad_Breakup,Book,The Comfort Book,English,New
Sad_Breakup,Book,Think Like a Monk,English,New
Sad_Breakup,Book,Do Epic Shit,English,New
Sad_Breakup,Book,You Are a Badass,English,New
Sad_Breakup,Book,The 5 AM Club,English,New
Sad_Breakup,Book,The Psychology of Money,English,New
Sad_Breakup,Book,Make Time,English,New
Sad_Breakup,Book,Limitless,English,New
Sad_Breakup,Book,Rework,English,New
Sad_Breakup,Book,Keep Going,English,New
Sad_Breakup,Book,The Mountain Is You,English,New
Sad_Breakup,Book,Greenlights,English,New
Sad_Breakup,Book,Can't Hurt Me,English,New
Sad_Breakup,Book,Good Vibes Good Life,English,New
Sad_Breakup,Book,Life's Amazing Secrets,English,New
Sad_Breakup,Book,You Can Heal Your Life,English,New
Sad_Breakup,Book,The Almanack of Naval Ravikant,English,New
Sad_Breakup,Book,Feel Good Productivity,English,New
Sad_Breakup,Series,Mismatched,Hindi,New
Sad_Breakup,Series,Little Things,Hindi,New
Sad_Breakup,Series,Gullak,Hindi,New
Sad_Breakup,Series,Flames,Hindi,New
Sad_Breakup,Series,College Romance,Hindi,New
Sad_Breakup,Series,Feels Like Ishq,Hindi,New
Sad_Breakup,Series,Modern Love Mumbai,Hindi,New
Sad_Breakup,Series,Modern Love Hyderabad,Hindi,New
Sad_Breakup,Series,Hostel Daze,Hindi,New
Sad_Breakup,Series,School Friends,Hindi,New
Sad_Breakup,Series,Highway Love,Hindi,New
Sad_Breakup,Series,Ishq Express,Hindi,New
Sad_Breakup,Series,Crushed,Hindi,New
Sad_Breakup,Series,Cubicles,Hindi,New
Sad_Breakup,Series,TVF Pitchers,Hindi,New
Sad_Breakup,Series,Panchayat,Hindi,New
Sad_Breakup,Series,Half CA,Hindi,New
Sad_Breakup,Series,What The Folks,Hindi,New
Sad_Breakup,Series,Butterflies,Hindi,New
Sad_Breakup,Series,Adulting,Hindi,New
Sad_Breakup,Movie,3 Idiots,Hindi,Mid
Sad_Breakup,Movie,Zindagi Na Milegi Dobara,Hindi,Mid
Sad_Breakup,Movie,Yeh Jawaani Hai Deewani,Hindi,Mid
Sad_Breakup,Movie,Queen,Hindi,Mid
Sad_Breakup,Movie,Band Baaja Baaraat,Hindi,Mid
Sad_Breakup,Movie,Wake Up Sid,Hindi,Mid
Sad_Breakup,Movie,Love Aaj Kal,Hindi,Mid
Sad_Breakup,Movie,Jaane Tu Ya Jaane Na,Hindi,Mid
Sad_Breakup,Movie,Rock On,Hindi,Mid
Sad_Breakup,Movie,Barfi,Hindi,Mid
Sad_Breakup,Movie,Kai Po Che,Hindi,Mid
Sad_Breakup,Movie,Dil Chahta Hai,Hindi,Mid
Sad_Breakup,Movie,Kal Ho Na Ho,Hindi,Mid
Sad_Breakup,Movie,Hum Tum,Hindi,Mid
Sad_Breakup,Movie,Jab We Met,Hindi,Mid
Sad_Breakup,Movie,Taare Zameen Par,Hindi,Mid
Sad_Breakup,Movie,Chak De India,Hindi,Mid
Sad_Breakup,Movie,Bhaag Milkha Bhaag,Hindi,Mid
Sad_Breakup,Movie,Dangal,Hindi,Mid
Sad_Breakup,Movie,English Vinglish,Hindi,Mid
Sad_Breakup,Music,Badtameez Dil,Hindi,Mid
Sad_Breakup,Music,Balam Pichkari,Hindi,Mid
Sad_Breakup,Music,Senorita,Hindi,Mid
Sad_Breakup,Music,Subha Hone Na De,Hindi,Mid
Sad_Breakup,Music,Abhi Toh Party Shuru Hui Hai,Hindi,Mid
Sad_Breakup,Music,Saturday Saturday,Hindi,Mid
Sad_Breakup,Music,Kar Gayi Chull,Hindi,Mid
Sad_Breakup,Music,London Thumakda,Hindi,Mid
Sad_Breakup,Music,Gallan Goodiyan,Hindi,Mid
Sad_Breakup,Music,Radha,Hindi,Mid
Sad_Breakup,Music,Tareefan,Hindi,Mid
Sad_Breakup,Music,Tune Maari Entriyaan,Hindi,Mid
Sad_Breakup,Music,Desi Girl,Hindi,Mid
Sad_Breakup,Music,Sheila Ki Jawani,Hindi,Mid
Sad_Breakup,Music,Munni Badnaam,Hindi,Mid
Sad_Breakup,Music,Chammak Challo,Hindi,Mid
Sad_Breakup,Music,Party All Night,Hindi,Mid
Sad_Breakup,Music,Dilliwali Girlfriend,Hindi,Mid
Sad_Breakup,Music,Malhari,Hindi,Mid
Sad_Breakup,Music,Dance Basanti,Hindi,Mid
Sad_Breakup,Movie,Andaz Apna Apna,Hindi,Old
Sad_Breakup,Movie,Chupke Chupke,Hindi,Old
Sad_Breakup,Movie,Gol Maal,Hindi,Old
Sad_Breakup,Movie,Amar Akbar Anthony,Hindi,Old
Sad_Breakup,Movie,Sholay,Hindi,Old
Sad_Breakup,Movie,Jaane Bhi Do Yaaro,Hindi,Old
Sad_Breakup,Movie,Angoor,Hindi,Old
Sad_Breakup,Movie,Mr India,Hindi,Old
Sad_Breakup,Movie,Hum,Hindi,Old
Sad_Breakup,Movie,Rangeela,Hindi,Old
Sad_Breakup,Movie,Dilwale Dulhania Le Jayenge,Hindi,Old
Sad_Breakup,Movie,Hum Aapke Hain Koun,Hindi,Old
Sad_Breakup,Movie,Kuch Kuch Hota Hai,Hindi,Old
Sad_Breakup,Movie,Yes Boss,Hindi,Old
Sad_Breakup,Movie,Judwaa,Hindi,Old
Sad_Breakup,Movie,Hera Pheri,Hindi,Old
Sad_Breakup,Movie,Duplicate,Hindi,Old
Sad_Breakup,Movie,Baazigar,Hindi,Old
Sad_Breakup,Movie,Main Hoon Na,Hindi,Old
Sad_Breakup,Movie,Kal Ho Na Ho,Hindi,Old
Sad_Breakup,Music,Ek Do Teen,Hindi,Old
Sad_Breakup,Music,Jumma Chumma,Hindi,Old
Sad_Breakup,Music,Tamma Tamma Loge,Hindi,Old
Sad_Breakup,Music,Ole Ole,Hindi,Old
Sad_Breakup,Music,Tu Cheez Badi Hai Mast,Hindi,Old
Sad_Breakup,Music,Choli Ke Peeche,Hindi,Old
Sad_Breakup,Music,Yeh Kaali Kaali Aankhen,Hindi,Old
Sad_Breakup,Music,Saat Samundar,Hindi,Old
Sad_Breakup,Music,Hawa Hawai,Hindi,Old
Sad_Breakup,Music,Pag Ghunghroo,Hindi,Old
Sad_Breakup,Music,Disco Dancer,Hindi,Old
Sad_Breakup,Music,I Am a Disco Dancer,Hindi,Old
Sad_Breakup,Music,Yamma Yamma,Hindi,Old
Sad_Breakup,Music,Dum Maro Dum,Hindi,Old
Sad_Breakup,Music,Mehbooba Mehbooba,Hindi,Old
Sad_Breakup,Music,Khaike Paan Banaraswala,Hindi,Old
Sad_Breakup,Music,My Name Is Lakhan,Hindi,Old
Sad_Breakup,Music,Jawani Janeman,Hindi,Old
Sad_Breakup,Music,Tan Tana Tan,Hindi,Old
Sad_Breakup,Music,Om Shanti Om,Hindi,Old
Sad_Breakup,Movie,Barbie,English,New
Sad_Breakup,Movie,Top Gun Maverick,English,New
Sad_Breakup,Movie,Free Guy,English,New
Sad_Breakup,Movie,The Intern,English,New
Sad_Breakup,Movie,The Lost City,English,New
Sad_Breakup,Movie,Ticket to Paradise,English,New
Sad_Breakup,Movie,Anyone But You,English,New
Sad_Breakup,Movie,No Hard Feelings,English,New
Sad_Breakup,Movie,Yes Day,English,New
Sad_Breakup,Movie,The Adam Project,English,New
Sad_Breakup,Movie,Red Notice,English,New
Sad_Breakup,Movie,Enola Holmes 2,English,New
Sad_Breakup,Movie,Glass Onion,English,New
Sad_Breakup,Movie,The Greatest Beer Run Ever,English,New
Sad_Breakup,Movie,Instant Family,English,New
Sad_Breakup,Movie,The Proposal,English,New
Sad_Breakup,Movie,The Intern,English,New
Sad_Breakup,Movie,The Peanut Butter Falcon,English,New
Sad_Breakup,Movie,The Upside,English,New
Sad_Breakup,Movie,Dog,English,New
Sad_Breakup,Music,Levitating,English,New
Sad_Breakup,Music,Dynamite,English,New
Sad_Breakup,Music,As It Was,English,New
Sad_Breakup,Music,Watermelon Sugar,English,New
Sad_Breakup,Music,Sunroof,English,New
Sad_Breakup,Music,Good 4 U,English,New
Sad_Breakup,Music,Heat Waves,English,New
Sad_Breakup,Music,Stay,English,New
Sad_Breakup,Music,Golden,English,New
Sad_Breakup,Music,Shivers,English,New
Sad_Breakup,Music,Anti Hero,English,New
Sad_Breakup,Music,Flowers,English,New
Sad_Breakup,Music,Espresso,English,New
Sad_Breakup,Music,Greedy,English,New
Sad_Breakup,Music,Unstoppable,English,New
Sad_Breakup,Music,Peaches,English,New
Sad_Breakup,Music,Blinding Lights,English,New
Sad_Breakup,Music,Adore You,English,New
Sad_Breakup,Music,About Damn Time,English,New
Sad_Breakup,Music,Industry Baby,English,New
Sad_Breakup,Book,Atomic Habits,English,New
Sad_Breakup,Book,Ikigai,English,New
Sad_Breakup,Book,The Comfort Book,English,New
Sad_Breakup,Book,Think Like a Monk,English,New
Sad_Breakup,Book,Do Epic Shit,English,New
Sad_Breakup,Book,You Are a Badass,English,New
Sad_Breakup,Book,The 5 AM Club,English,New
Sad_Breakup,Book,The Psychology of Money,English,New
Sad_Breakup,Book,Make Time,English,New
Sad_Breakup,Book,Limitless,English,New
Sad_Breakup,Book,Rework,English,New
Sad_Breakup,Book,Keep Going,English,New
Sad_Breakup,Book,The Mountain Is You,English,New
Sad_Breakup,Book,Greenlights,English,New
Sad_Breakup,Book,Can't Hurt Me,English,New
Sad_Breakup,Book,Good Vibes Good Life,English,New
Sad_Breakup,Book,Feel Good Productivity,English,New
Sad_Breakup,Book,You Can Heal Your Life,English,New
Sad_Breakup,Book,The Almanack of Naval Ravikant,English,New
Sad_Breakup,Book,Life's Amazing Secrets,English,New
Sad_Breakup,Series,Ted Lasso,English,New
Sad_Breakup,Series,Emily in Paris,English,New
Sad_Breakup,Series,Sex Education,English,New
Sad_Breakup,Series,Never Have I Ever,English,New
Sad_Breakup,Series,Young Sheldon,English,New
Sad_Breakup,Series,Schitts Creek,English,New
Sad_Breakup,Series,Kim's Convenience,English,New
Sad_Breakup,Series,Atypical,English,New
Sad_Breakup,Series,Heartstopper,English,New
Sad_Breakup,Series,The Good Place,English,New
Sad_Breakup,Series,Modern Love,English,New
Sad_Breakup,Series,Dash and Lily,English,New
Sad_Breakup,Series,Love Life,English,New
Sad_Breakup,Series,The Bear,English,New
Sad_Breakup,Series,Only Murders in the Building,English,New
Sad_Breakup,Series,Bridgerton,English,New
Sad_Breakup,Series,Upload,English,New
Sad_Breakup,Series,Crash Landing on You,English,New
Sad_Breakup,Series,True Beauty,English,New
Sad_Breakup,Series,Business Proposal,English,New
Sad_Breakup,Movie,The Intern,English,Mid
Sad_Breakup,Movie,The Devil Wears Prada,English,Mid
Sad_Breakup,Movie,Julie and Julia,English,Mid
Sad_Breakup,Movie,Yes Man,English,Mid
Sad_Breakup,Movie,The Proposal,English,Mid
Sad_Breakup,Movie,Easy A,English,Mid
Sad_Breakup,Movie,Mean Girls,English,Mid
Sad_Breakup,Movie,Legally Blonde,English,Mid
Sad_Breakup,Movie,Mamma Mia,English,Mid
Sad_Breakup,Movie,Notting Hill,English,Mid
Sad_Breakup,Movie,The Holiday,English,Mid
Sad_Breakup,Movie,Love Actually,English,Mid
Sad_Breakup,Movie,13 Going on 30,English,Mid
Sad_Breakup,Movie,The Princess Diaries,English,Mid
Sad_Breakup,Movie,Clueless,English,Mid
Sad_Breakup,Movie,The Parent Trap,English,Mid
Sad_Breakup,Movie,The Mask,English,Mid
Sad_Breakup,Movie,School of Rock,English,Mid
Sad_Breakup,Movie,Matilda,English,Mid
Sad_Breakup,Movie,The Pursuit of Happyness,English,Mid
Sad_Breakup,Music,Uptown Funk,English,Mid
Sad_Breakup,Music,Happy,English,Mid
Sad_Breakup,Music,On Top of the World,English,Mid
Sad_Breakup,Music,Sugar,English,Mid
Sad_Breakup,Music,Counting Stars,English,Mid
Sad_Breakup,Music,Shake It Off,English,Mid
Sad_Breakup,Music,Firework,English,Mid
Sad_Breakup,Music,Good Time,English,Mid
Sad_Breakup,Music,Rather Be,English,Mid
Sad_Breakup,Music,Roar,English,Mid
Sad_Breakup,Music,Call Me Maybe,English,Mid
Sad_Breakup,Music,Party Rock Anthem,English,Mid
Sad_Breakup,Music,Tik Tok,English,Mid
Sad_Breakup,Music,We Found Love,English,Mid
Sad_Breakup,Music,Can't Stop the Feeling,English,Mid
Sad_Breakup,Music,Best Day of My Life,English,Mid
Sad_Breakup,Music,I Gotta Feeling,English,Mid
Sad_Breakup,Music,Wake Me Up,English,Mid
Sad_Breakup,Music,Timber,English,Mid
Sad_Breakup,Music,Feel This Moment,English,Mid
Sad_Breakup,Movie,Back to the Future,English,Old
Sad_Breakup,Movie,Home Alone,English,Old
Sad_Breakup,Movie,The Mask,English,Old
Sad_Breakup,Movie,Ghostbusters,English,Old
Sad_Breakup,Movie,Jumanji,English,Old
Sad_Breakup,Movie,The Mummy,English,Old
Sad_Breakup,Movie,Indiana Jones,English,Old
Sad_Breakup,Movie,Jurassic Park,English,Old
Sad_Breakup,Movie,Men in Black,English,Old
Sad_Breakup,Movie,Rush Hour,English,Old
Sad_Breakup,Movie,Mrs Doubtfire,English,Old
Sad_Breakup,Movie,Forrest Gump,English,Old
Sad_Breakup,Movie,Pretty Woman,English,Old
Sad_Breakup,Movie,The Sound of Music,English,Old
Sad_Breakup,Movie,The Parent Trap,English,Old
Sad_Breakup,Movie,Grease,English,Old
Sad_Breakup,Movie,Sister Act,English,Old
Sad_Breakup,Movie,The Princess Bride,English,Old
Sad_Breakup,Movie,Beetlejuice,English,Old
Sad_Breakup,Movie,Groundhog Day,English,Old
Sad_Breakup,Music,Don't Stop Me Now,English,Old
Sad_Breakup,Music,Stayin Alive,English,Old
Sad_Breakup,Music,Dancing Queen,English,Old
Sad_Breakup,Music,Footloose,English,Old
Sad_Breakup,Music,Thriller,English,Old
Sad_Breakup,Music,Beat It,English,Old
Sad_Breakup,Music,Wake Me Up Before You Go Go,English,Old
Sad_Breakup,Music,U Can't Touch This,English,Old
Sad_Breakup,Music,Holiday,English,Old
Sad_Breakup,Music,September,English,Old
Sad_Breakup,Music,Good Vibrations,English,Old
Sad_Breakup,Music,I'm a Believer,English,Old
Sad_Breakup,Music,ABC,English,Old
Sad_Breakup,Music,Rock with You,English,Old
Sad_Breakup,Music,You Make My Dreams,English,Old
Sad_Breakup,Music,Ain't No Mountain High Enough,English,Old
Sad_Breakup,Music,Jump,English,Old
Sad_Breakup,Music,Eye of the Tiger,English,Old
Sad_Breakup,Music,We Will Rock You,English,Old
Sad_Breakup,Music,We Are the Champions,English,Old
Sad_Family,Movie,Chhichhore,Hindi,New
Sad_Family,Movie,Goodbye,Hindi,New
Sad_Family,Movie,Mimi,Hindi,New
Sad_Family,Movie,Jug Jug Jeeyo,Hindi,New
Sad_Family,Movie,Badhaai Do,Hindi,New
Sad_Family,Movie,Piku,Hindi,New
Sad_Family,Movie,Shubh Mangal Zyada Saavdhan,Hindi,New
Sad_Family,Movie,Doctor G,Hindi,New
Sad_Family,Movie,Luka Chuppi,Hindi,New
Sad_Family,Movie,Bareilly Ki Barfi,Hindi,New
Sad_Family,Movie,Nil Battey Sannata,Hindi,New
Sad_Family,Movie,Secret Superstar,Hindi,New
Sad_Family,Movie,Dangal,Hindi,New
Sad_Family,Movie,Stanley Ka Dabba,Hindi,New
Sad_Family,Movie,Badhaai Ho,Hindi,New
Sad_Family,Movie,English Vinglish,Hindi,New
Sad_Family,Movie,Ramprasad Ki Tehrvi,Hindi,New
Sad_Family,Movie,Gullak vibe film,Hindi,New
Sad_Family,Movie,The Sky Is Pink,Hindi,New
Sad_Family,Movie,Kapoor and Sons,Hindi,New
Sad_Family,Music,Apna Bana Le,Hindi,New
Sad_Family,Music,Tere Vaaste,Hindi,New
Sad_Family,Music,Kesariya,Hindi,New
Sad_Family,Music,Heeriye,Hindi,New
Sad_Family,Music,Raataan Lambiyan,Hindi,New
Sad_Family,Music,Phir Aur Kya Chahiye,Hindi,New
Sad_Family,Music,Jugnu,Hindi,New
Sad_Family,Music,What Jhumka,Hindi,New
Sad_Family,Music,Pasoori,Hindi,New
Sad_Family,Music,Naatu Naatu,Hindi,New
Sad_Family,Music,Manike,Hindi,New
Sad_Family,Music,Arabic Kuthu,Hindi,New
Sad_Family,Music,Current Laga Re,Hindi,New
Sad_Family,Music,Bijlee Bijlee,Hindi,New
Sad_Family,Music,Obsessed,Hindi,New
Sad_Family,Music,Players,Hindi,New
Sad_Family,Music,Designer,Hindi,New
Sad_Family,Music,Maan Meri Jaan,Hindi,New
Sad_Family,Music,Excuses,Hindi,New
Sad_Family,Music,Lehanga,Hindi,New
Sad_Family,Book,Atomic Habits,English,New
Sad_Family,Book,Ikigai,English,New
Sad_Family,Book,The Comfort Book,English,New
Sad_Family,Book,Think Like a Monk,English,New
Sad_Family,Book,Do Epic Shit,English,New
Sad_Family,Book,You Are a Badass,English,New
Sad_Family,Book,The 5 AM Club,English,New
Sad_Family,Book,The Psychology of Money,English,New
Sad_Family,Book,Make Time,English,New
Sad_Family,Book,Limitless,English,New
Sad_Family,Book,Rework,English,New
Sad_Family,Book,Keep Going,English,New
Sad_Family,Book,The Mountain Is You,English,New
Sad_Family,Book,Greenlights,English,New
Sad_Family,Book,Can't Hurt Me,English,New
Sad_Family,Book,Good Vibes Good Life,English,New
Sad_Family,Book,Feel Good Productivity,English,New
Sad_Family,Book,You Can Heal Your Life,English,New
Sad_Family,Book,Life's Amazing Secrets,English,New
Sad_Family,Book,The Almanack of Naval Ravikant,English,New
Sad_Family,Series,Gullak,Hindi,New
Sad_Family,Series,Panchayat,Hindi,New
Sad_Family,Series,TVF Pitchers,Hindi,New
Sad_Family,Series,Cubicles,Hindi,New
Sad_Family,Series,Hostel Daze,Hindi,New
Sad_Family,Series,Little Things,Hindi,New
Sad_Family,Series,What The Folks,Hindi,New
Sad_Family,Series,Home Shanti,Hindi,New
Sad_Family,Series,Half CA,Hindi,New
Sad_Family,Series,Adulting,Hindi,New
Sad_Family,Series,Butterflies,Hindi,New
Sad_Family,Series,School Friends,Hindi,New
Sad_Family,Series,Highway Love,Hindi,New
Sad_Family,Series,Feels Like Ishq,Hindi,New
Sad_Family,Series,Modern Love Mumbai,Hindi,New
Sad_Family,Series,Modern Love Hyderabad,Hindi,New
Sad_Family,Series,Crushed,Hindi,New
Sad_Family,Series,Flames,Hindi,New
Sad_Family,Series,College Romance,Hindi,New
Sad_Family,Series,Ishq Express,Hindi,New
Sad_Family,Movie,Baghban,Hindi,Mid
Sad_Family,Movie,Kapoor and Sons,Hindi,Mid
Sad_Family,Movie,Taare Zameen Par,Hindi,Mid
Sad_Family,Movie,English Vinglish,Hindi,Mid
Sad_Family,Movie,3 Idiots,Hindi,Mid
Sad_Family,Movie,Udaan,Hindi,Mid
Sad_Family,Movie,Piku,Hindi,Mid
Sad_Family,Movie,Masoom,Hindi,Mid
Sad_Family,Movie,Stanley Ka Dabba,Hindi,Mid
Sad_Family,Movie,Nil Battey Sannata,Hindi,Mid
Sad_Family,Movie,Secret Superstar,Hindi,Mid
Sad_Family,Movie,Chhichhore,Hindi,Mid
Sad_Family,Movie,Dangal,Hindi,Mid
Sad_Family,Movie,Queen,Hindi,Mid
Sad_Family,Movie,Zindagi Na Milegi Dobara,Hindi,Mid
Sad_Family,Movie,Wake Up Sid,Hindi,Mid
Sad_Family,Movie,Barfi,Hindi,Mid
Sad_Family,Movie,Dear Zindagi,Hindi,Mid
Sad_Family,Movie,Hum Saath Saath Hain,Hindi,Mid
Sad_Family,Movie,Kal Ho Na Ho,Hindi,Mid
Sad_Family,Music,Badtameez Dil,Hindi,Mid
Sad_Family,Music,Balam Pichkari,Hindi,Mid
Sad_Family,Music,Senorita,Hindi,Mid
Sad_Family,Music,Subha Hone Na De,Hindi,Mid
Sad_Family,Music,Abhi Toh Party Shuru Hui Hai,Hindi,Mid
Sad_Family,Music,Saturday Saturday,Hindi,Mid
Sad_Family,Music,Kar Gayi Chull,Hindi,Mid
Sad_Family,Music,London Thumakda,Hindi,Mid
Sad_Family,Music,Gallan Goodiyan,Hindi,Mid
Sad_Family,Music,Radha,Hindi,Mid
Sad_Family,Music,Tareefan,Hindi,Mid
Sad_Family,Music,Tune Maari Entriyaan,Hindi,Mid
Sad_Family,Music,Desi Girl,Hindi,Mid
Sad_Family,Music,Sheila Ki Jawani,Hindi,Mid
Sad_Family,Music,Munni Badnaam,Hindi,Mid
Sad_Family,Music,Chammak Challo,Hindi,Mid
Sad_Family,Music,Party All Night,Hindi,Mid
Sad_Family,Music,Dilliwali Girlfriend,Hindi,Mid
Sad_Family,Music,Malhari,Hindi,Mid
Sad_Family,Music,Dance Basanti,Hindi,Mid
Sad_Family,Movie,Hum Saath Saath Hain,Hindi,Old
Sad_Family,Movie,Kabhi Khushi Kabhie Gham,Hindi,Old
Sad_Family,Movie,Bawarchi,Hindi,Old
Sad_Family,Movie,Anand,Hindi,Old
Sad_Family,Movie,Chupke Chupke,Hindi,Old
Sad_Family,Movie,Gol Maal,Hindi,Old
Sad_Family,Movie,Amar Akbar Anthony,Hindi,Old
Sad_Family,Movie,Masoom,Hindi,Old
Sad_Family,Movie,Mr India,Hindi,Old
Sad_Family,Movie,Sholay,Hindi,Old
Sad_Family,Movie,Angoor,Hindi,Old
Sad_Family,Movie,Jaane Bhi Do Yaaro,Hindi,Old
Sad_Family,Movie,Rangeela,Hindi,Old
Sad_Family,Movie,Dilwale Dulhania Le Jayenge,Hindi,Old
Sad_Family,Movie,Hum,Hindi,Old
Sad_Family,Movie,Kuch Kuch Hota Hai,Hindi,Old
Sad_Family,Movie,Yes Boss,Hindi,Old
Sad_Family,Movie,Judwaa,Hindi,Old
Sad_Family,Movie,Hera Pheri,Hindi,Old
Sad_Family,Movie,Kal Ho Na Ho,Hindi,Old
Sad_Family,Music,Ek Do Teen,Hindi,Old
Sad_Family,Music,Jumma Chumma,Hindi,Old
Sad_Family,Music,Tamma Tamma,Hindi,Old
Sad_Family,Music,Ole Ole,Hindi,Old
Sad_Family,Music,Tu Cheez Badi Hai Mast,Hindi,Old
Sad_Family,Music,Choli Ke Peeche,Hindi,Old
Sad_Family,Music,Yeh Kaali Kaali Aankhen,Hindi,Old
Sad_Family,Music,Saat Samundar,Hindi,Old
Sad_Family,Music,Hawa Hawai,Hindi,Old
Sad_Family,Music,Pag Ghunghroo,Hindi,Old
Sad_Family,Music,Disco Dancer,Hindi,Old
Sad_Family,Music,I Am a Disco Dancer,Hindi,Old
Sad_Family,Music,Yamma Yamma,Hindi,Old
Sad_Family,Music,Dum Maro Dum,Hindi,Old
Sad_Family,Music,Mehbooba Mehbooba,Hindi,Old
Sad_Family,Music,Khaike Paan Banaraswala,Hindi,Old
Sad_Family,Music,My Name Is Lakhan,Hindi,Old
Sad_Family,Music,Jawani Janeman,Hindi,Old
Sad_Family,Music,Tan Tana Tan,Hindi,Old
Sad_Family,Music,Om Shanti Om,Hindi,Old

Romantic,Movie,Dilwale Dulhania Le Jayenge,Hindi,Old
Romantic,Movie,Veer-Zaara,Hindi,Old
Romantic,Movie,Hum Dil De Chuke Sanam,Hindi,Old
Romantic,Movie,Dil To Pagal Hai,Hindi,Old
Romantic,Movie,Mohabbatein,Hindi,Old
Romantic,Movie,Saajan,Hindi,Old
Romantic,Movie,Qayamat Se Qayamat Tak,Hindi,Old
Romantic,Movie,Maine Pyar Kiya,Hindi,Old
Romantic,Movie,Lamhe,Hindi,Old
Romantic,Movie,Silsila,Hindi,Old
Romantic,Movie,Chandni,Hindi,Old
Romantic,Movie,Rangeela,Hindi,Old
Romantic,Movie,Betaab,Hindi,Old
Romantic,Movie,Ek Duuje Ke Liye,Hindi,Old
Romantic,Movie,Heer Ranjha,Hindi,Old
Romantic,Movie,Kabhi Kabhie,Hindi,Old
Romantic,Movie,Aradhana,Hindi,Old
Romantic,Movie,Bobby,Hindi,Old
Romantic,Movie,Pyar Kiya To Darna Kya,Hindi,Old
Romantic,Movie,Kaho Naa Pyaar Hai,Hindi,Old
Romantic,Movie,Jab We Met,Hindi,Mid
Romantic,Movie,Yeh Jawaani Hai Deewani,Hindi,Mid
Romantic,Movie,Barfi,Hindi,Mid
Romantic,Movie,Rockstar,Hindi,Mid
Romantic,Movie,Tamasha,Hindi,Mid
Romantic,Movie,Aashiqui 2,Hindi,Mid
Romantic,Movie,Ek Villain,Hindi,Mid
Romantic,Movie,Raajneeti,Hindi,Mid
Romantic,Movie,Love Aaj Kal,Hindi,Mid
Romantic,Movie,Bachna Ae Haseeno,Hindi,Mid
Romantic,Movie,Dostana,Hindi,Mid
Romantic,Movie,Wake Up Sid,Hindi,Mid
Romantic,Movie,Ajab Prem Ki Ghazab Kahani,Hindi,Mid
Romantic,Movie,Anjaana Anjaani,Hindi,Mid
Romantic,Movie,Hum Tum,Hindi,Mid
Romantic,Movie,Saathiya,Hindi,Mid
Romantic,Movie,Kabhi Alvida Naa Kehna,Hindi,Mid
Romantic,Movie,Fanaa,Hindi,Mid
Romantic,Movie,Kal Ho Naa Ho,Hindi,Mid
Romantic,Movie,Veer,Hindi,Mid
Romantic,Movie,Sita Ramam,Hindi,New
Romantic,Movie,Laila Majnu,Hindi,New
Romantic,Movie,Shiddat,Hindi,New
Romantic,Movie,October,Hindi,New
Romantic,Movie,Ae Dil Hai Mushkil,Hindi,New
Romantic,Movie,Gehraiyaan,Hindi,New
Romantic,Movie,Tu Jhoothi Main Makkaar,Hindi,New
Romantic,Movie,Rocky Aur Rani,Hindi,New
Romantic,Movie,Jug Jug Jeeyo,Hindi,New
Romantic,Movie,Kapoor and Sons,Hindi,New
Romantic,Movie,Bareilly Ki Barfi,Hindi,New
Romantic,Movie,Love Aaj Kal 2,Hindi,New
Romantic,Movie,Sanam Teri Kasam,Hindi,New
Romantic,Movie,Half Girlfriend,Hindi,New
Romantic,Movie,Malang,Hindi,New
Romantic,Movie,Hasee Toh Phasee,Hindi,New
Romantic,Movie,Dear Zindagi,Hindi,New
Romantic,Movie,Raabta,Hindi,New
Romantic,Movie,Goodbye,Hindi,New
Romantic,Movie,Shubh Mangal Zyada Saavdhan,Hindi,New
Romantic,Movie,Before Sunrise,English,Old
Romantic,Movie,Pretty Woman,English,Old
Romantic,Movie,Notting Hill,English,Old
Romantic,Movie,Titanic,English,Old
Romantic,Movie,The Bodyguard,English,Old
Romantic,Movie,Sleepless in Seattle,English,Old
Romantic,Movie,You've Got Mail,English,Old
Romantic,Movie,Four Weddings and a Funeral,English,Old
Romantic,Movie,Dirty Dancing,English,Old
Romantic,Movie,Roman Holiday,English,Old
Romantic,Movie,An Officer and a Gentleman,English,Old
Romantic,Movie,The Notebook,English,Old
Romantic,Movie,Ghost,English,Old
Romantic,Movie,When Harry Met Sally,English,Old
Romantic,Movie,Love Story,English,Old
Romantic,Movie,Bridget Jones's Diary,English,Old
Romantic,Movie,The English Patient,English,Old
Romantic,Movie,City of Angels,English,Old
Romantic,Movie,The Holiday,English,Old
Romantic,Movie,Serendipity,English,Old
Romantic,Movie,The Notebook,English,Mid
Romantic,Movie,500 Days of Summer,English,Mid
Romantic,Movie,La La Land,English,Mid
Romantic,Movie,The Fault in Our Stars,English,Mid
Romantic,Movie,Me Before You,English,Mid
Romantic,Movie,Friends with Benefits,English,Mid
Romantic,Movie,No Strings Attached,English,Mid
Romantic,Movie,Love Actually,English,Mid
Romantic,Movie,Dear John,English,Mid
Romantic,Movie,The Vow,English,Mid
Romantic,Movie,Letters to Juliet,English,Mid
Romantic,Movie,The Time Traveler's Wife,English,Mid
Romantic,Movie,Blue Valentine,English,Mid
Romantic,Movie,Before Sunset,English,Mid
Romantic,Movie,Before Midnight,English,Mid
Romantic,Movie,The Proposal,English,Mid
Romantic,Movie,Easy A,English,Mid
Romantic,Movie,Not Another Teen Movie,English,Mid
Romantic,Movie,How to Lose a Guy in 10 Days,English,Mid
Romantic,Movie,What Happens in Vegas,English,Mid
Romantic,Movie,Anyone But You,English,New
Romantic,Movie,To All the Boys I've Loved Before,English,New
Romantic,Movie,The Kissing Booth,English,New
Romantic,Movie,After,English,New
Romantic,Movie,After We Collided,English,New
Romantic,Movie,The Last Letter from Your Lover,English,New
Romantic,Movie,Love Hard,English,New
Romantic,Movie,Holidate,English,New
Romantic,Movie,Set It Up,English,New
Romantic,Movie,Your Place or Mine,English,New
Romantic,Movie,Ticket to Paradise,English,New
Romantic,Movie,Marry Me,English,New
Romantic,Movie,The Idea of You,English,New
Romantic,Movie,Call Me by Your Name,English,New
Romantic,Movie,Palm Springs,English,New
Romantic,Movie,All the Bright Places,English,New
Romantic,Movie,The Half of It,English,New
Romantic,Movie,The Big Sick,English,New
Romantic,Movie,Midnight Sun,English,New
Romantic,Movie,Five Feet Apart,English,New
Romantic,Music,Tujhe Dekha To,Hindi,Old
Romantic,Music,Pehla Nasha,Hindi,Old
Romantic,Music,Tip Tip Barsa Pani,Hindi,Old
Romantic,Music,Dil To Pagal Hai,Hindi,Old
Romantic,Music,Ek Ladki Ko Dekha To,Hindi,Old
Romantic,Music,Roop Tera Mastana,Hindi,Old
Romantic,Music,Mere Sapno Ki Rani,Hindi,Old
Romantic,Music,Aaj Kal Tere Mere Pyar Ke,Hindi,Old
Romantic,Music,Kabhi Kabhi Mere Dil Mein,Hindi,Old
Romantic,Music,Chand Chupa Badal Mein,Hindi,Old
Romantic,Music,Tum Paas Aaye,Hindi,Old
Romantic,Music,Humko Humise Chura Lo,Hindi,Old
Romantic,Music,Pehla Pehla Pyar Hai,Hindi,Old
Romantic,Music,Bahut Pyar Karte Hain,Hindi,Old
Romantic,Music,Aankhon Ki Gustakhiyan,Hindi,Old
Romantic,Music,Saathiya Tune Kya Kiya,Hindi,Old
Romantic,Music,Dheere Dheere Se,Hindi,Old
Romantic,Music,Jab Koi Baat,Hindi,Old
Romantic,Music,Tere Mere Beech Mein,Hindi,Old
Romantic,Music,Chura Ke Dil Mera,Hindi,Old
Romantic,Music,Tum Hi Ho,Hindi,Mid
Romantic,Music,Raabta,Hindi,Mid
Romantic,Music,Janam Janam,Hindi,Mid
Romantic,Music,Jeene Laga Hoon,Hindi,Mid
Romantic,Music,Sun Saathiya,Hindi,Mid
Romantic,Music,Tera Hone Laga Hoon,Hindi,Mid
Romantic,Music,Saibo,Hindi,Mid
Romantic,Music,Iktara,Hindi,Mid
Romantic,Music,Tere Sang Yaara,Hindi,Mid
Romantic,Music,Main Rang Sharbaton Ka,Hindi,Mid
Romantic,Music,Pee Loon,Hindi,Mid
Romantic,Music,Ajab Si,Hindi,Mid
Romantic,Music,Tu Jaane Na,Hindi,Mid
Romantic,Music,Khuda Jaane,Hindi,Mid
Romantic,Music,Suraj Hua Maddham,Hindi,Mid
Romantic,Music,Gerua,Hindi,Mid
Romantic,Music,Muskurane,Hindi,Mid
Romantic,Music,Samjhawan,Hindi,Mid
Romantic,Music,Tum Se Hi,Hindi,Mid
Romantic,Music,Agar Tum Saath Ho,Hindi,Mid
Romantic,Music,Kesariya,Hindi,New
Romantic,Music,Raataan Lambiyan,Hindi,New
Romantic,Music,Ranjha,Hindi,New
Romantic,Music,Apna Bana Le,Hindi,New
Romantic,Music,Shayad,Hindi,New
Romantic,Music,Tera Ban Jaunga,Hindi,New
Romantic,Music,Heeriye,Hindi,New
Romantic,Music,Phir Aur Kya Chahiye,Hindi,New
Romantic,Music,Maan Meri Jaan,Hindi,New
Romantic,Music,Tujhe Kitna Chahne Lage,Hindi,New
Romantic,Music,Malang,Hindi,New
Romantic,Music,Pal,Hindi,New
Romantic,Music,Tere Vaaste,Hindi,New
Romantic,Music,Ve Kamleya,Hindi,New
Romantic,Music,Jaan Ban Gaye,Hindi,New
Romantic,Music,Tum Mile,Hindi,New
Romantic,Music,Tera Chehra,Hindi,New
Romantic,Music,Khairiyat,Hindi,New
Romantic,Music,Kaise Hua,Hindi,New
Romantic,Music,Channa Mereya (Reprise),Hindi,New
Romantic,Music,Can't Help Falling in Love,English,Old
Romantic,Music,Endless Love,English,Old
Romantic,Music,I Will Always Love You,English,Old
Romantic,Music,Unchained Melody,English,Old
Romantic,Music,My Heart Will Go On,English,Old
Romantic,Music,Everything I Do I Do It for You,English,Old
Romantic,Music,When I Fall in Love,English,Old
Romantic,Music,Take My Breath Away,English,Old
Romantic,Music,Hello,English,Old
Romantic,Music,Just the Way You Are,English,Old
Romantic,Music,Wonderful Tonight,English,Old
Romantic,Music,Love Me Tender,English,Old
Romantic,Music,You Are So Beautiful,English,Old
Romantic,Music,Something,English,Old
Romantic,Music,Always,English,Old
Romantic,Music,True Colors,English,Old
Romantic,Music,Time After Time,English,Old
Romantic,Music,Careless Whisper,English,Old
Romantic,Music,Every Breath You Take,English,Old
Romantic,Music,Nothing's Gonna Change My Love for You,English,Old
Romantic,Music,Perfect,English,Mid
Romantic,Music,All of Me,English,Mid
Romantic,Music,Thinking Out Loud,English,Mid
Romantic,Music,Just the Way You Are,English,Mid
Romantic,Music,Love Story,English,Mid
Romantic,Music,Back to December,English,Mid
Romantic,Music,You Belong with Me,English,Mid
Romantic,Music,Bleeding Love,English,Mid
Romantic,Music,A Thousand Years,English,Mid
Romantic,Music,Stay With Me,English,Mid
Romantic,Music,Marry You,English,Mid
Romantic,Music,I'm Yours,English,Mid
Romantic,Music,Hey There Delilah,English,Mid
Romantic,Music,Just Give Me a Reason,English,Mid
Romantic,Music,We Found Love,English,Mid
Romantic,Music,Adore You,English,Mid
Romantic,Music,Photograph,English,Mid
Romantic,Music,Make You Feel My Love,English,Mid
Romantic,Music,Everything Has Changed,English,Mid
Romantic,Music,Love Me Like You Do,English,Mid
Romantic,Music,Until I Found You,English,New
Romantic,Music,Golden,English,New
Romantic,Music,Peaches & Cream,English,New
Romantic,Music,Love Me Like You Do (Remix),English,New
Romantic,Music,Adore You (Live),English,New
Romantic,Music,Perfect (Duet),English,New
Romantic,Music,Shivers,English,New
Romantic,Music,Someone You Loved,English,New
Romantic,Music,Before You Go,English,New
Romantic,Music,Die for You,English,New
Romantic,Music,As It Was,English,New
Romantic,Music,Heat Waves,English,New
Romantic,Music,Stay,English,New
Romantic,Music,Call Out My Name,English,New
Romantic,Music,Ocean Eyes,English,New
Romantic,Music,Lover,English,New
Romantic,Music,Daylight,English,New
Romantic,Music,Angel Baby,English,New
Romantic,Music,Best Part,English,New
Romantic,Music,Intentions,English,New
Romantic,Book,Pride and Prejudice,English,Mid
Romantic,Book,Me Before You,English,Mid
Romantic,Book,The Notebook,English,Mid
Romantic,Book,The Fault in Our Stars,English,Mid
Romantic,Book,The Time Traveler's Wife,English,Mid
Romantic,Book,Love and Other Words,English,New
Romantic,Book,It Ends With Us,English,New
Romantic,Book,Ugly Love,English,New
Romantic,Book,November 9,English,New
Romantic,Book,Reminders of Him,English,New
Romantic,Series,Little Things,Hindi,Mid
Romantic,Series,Flames,Hindi,Mid
Romantic,Series,College Romance,Hindi,Mid
Romantic,Series,Please Find Attached,Hindi,Mid
Romantic,Series,Adulting,Hindi,Mid
Romantic,Series,What The Folks,Hindi,Mid
Romantic,Series,Girls Hostel,Hindi,Mid
Romantic,Series,Engineering Girls,Hindi,Mid
Romantic,Series,Permanent Roommates,Hindi,Mid
Romantic,Series,Love Lust and Confusion,Hindi,Mid
Romantic,Series,Broken But Beautiful,Hindi,Mid
Romantic,Series,Hum Tum and Them,Hindi,Mid
Romantic,Series,The Married Woman,Hindi,Mid
Romantic,Series,Baarish,Hindi,Mid
Romantic,Series,Karrle Tu Bhi Mohabbat,Hindi,Mid
Romantic,Series,Puncch Beat,Hindi,Mid
Romantic,Series,It Happened in Calcutta,Hindi,Mid
Romantic,Series,Dil Hi Toh Hai,Hindi,Mid
Romantic,Series,Mom and Co,Hindi,Mid
Romantic,Series,Fittrat,Hindi,Mid
Romantic,Series,Mismatched,Hindi,New
Romantic,Series,Highway Love,Hindi,New
Romantic,Series,School Friends,Hindi,New
Romantic,Series,Ishq Express,Hindi,New
Romantic,Series,Feels Like Ishq,Hindi,New
Romantic,Series,Modern Love Mumbai,Hindi,New
Romantic,Series,Modern Love Hyderabad,Hindi,New
Romantic,Series,Butterflies,Hindi,New
Romantic,Series,Minus One,Hindi,New
Romantic,Series,Crushed,Hindi,New
Romantic,Series,Campus Diaries,Hindi,New
Romantic,Series,The Fame Game,Hindi,New
Romantic,Series,Broken But Beautiful Season 3,Hindi,New
Romantic,Series,Love Storiyaan,Hindi,New
Romantic,Series,Feels Like Home,Hindi,New
Romantic,Series,Gutar Gu,Hindi,New
Romantic,Series,Half Love Half Arranged,Hindi,New
Romantic,Series,Romil and Jugal,Hindi,New
Romantic,Series,OK Computer,Hindi,New
Romantic,Series,Hostel Daze,Hindi,New
Romantic,Series,Friends,English,Mid
Romantic,Series,How I Met Your Mother,English,Mid
Romantic,Series,Gossip Girl,English,Mid
Romantic,Series,The Vampire Diaries,English,Mid
Romantic,Series,The Originals,English,Mid
Romantic,Series,Jane the Virgin,English,Mid
Romantic,Series,New Girl,English,Mid
Romantic,Series,The OC,English,Mid
Romantic,Series,One Tree Hill,English,Mid
Romantic,Series,Sex and the City,English,Mid
Romantic,Series,Outlander,English,Mid
Romantic,Series,Pretty Little Liars,English,Mid
Romantic,Series,90210,English,Mid
Romantic,Series,Reign,English,Mid
Romantic,Series,Skins,English,Mid
Romantic,Series,The Fosters,English,Mid
Romantic,Series,Greek,English,Mid
Romantic,Series,Dawson's Creek,English,Mid
Romantic,Series,Charmed,English,Mid
Romantic,Series,Gilmore Girls,English,Mid
Romantic,Series,Emily in Paris,English,New
Romantic,Series,Bridgerton,English,New
Romantic,Series,Normal People,English,New
Romantic,Series,Love Alarm,English,New
Romantic,Series,Crash Landing on You,English,New
Romantic,Series,True Beauty,English,New
Romantic,Series,Business Proposal,English,New
Romantic,Series,Heartstopper,English,New
Romantic,Series,Sex Education,English,New
Romantic,Series,Never Have I Ever,English,New
Romantic,Series,The Summer I Turned Pretty,English,New
Romantic,Series,You,English,New
Romantic,Series,Love Life,English,New
Romantic,Series,Dash and Lily,English,New
Romantic,Series,Firefly Lane,English,New
Romantic,Series,The Bold Type,English,New
Romantic,Series,Younger,English,New
Romantic,Series,Valeria,English,New
Romantic,Series,Modern Love,English,New
Romantic,Series,The One,English,New
Motivation,Series,Kota Factory,Hindi,Mid
Motivation,Series,TVF Pitchers,Hindi,Mid
Motivation,Series,Cubicles,Hindi,Mid
Motivation,Series,Hostel Daze,Hindi,Mid
Motivation,Series,Engineering Girls,Hindi,Mid
Motivation,Series,Girls Hostel,Hindi,Mid
Motivation,Series,What The Folks,Hindi,Mid
Motivation,Series,TVF Aspirants,Hindi,Mid
Motivation,Series,Laakhon Mein Ek,Hindi,Mid
Motivation,Series,ImMATURE,Hindi,Mid
Motivation,Series,Minus One,Hindi,Mid
Motivation,Series,Better Life Foundation,Hindi,Mid
Motivation,Series,College Romance,Hindi,Mid
Motivation,Series,Please Find Attached,Hindi,Mid
Motivation,Series,Adulting,Hindi,Mid
Motivation,Series,Flames,Hindi,Mid
Motivation,Series,Little Things,Hindi,Mid
Motivation,Series,Baked,Hindi,Mid
Motivation,Series,Panchayat,Hindi,Mid
Motivation,Series,Humorously Yours,Hindi,Mid
Motivation,Series,Aspirants Season 2,Hindi,New
Motivation,Series,Kota Factory Season 3,Hindi,New
Motivation,Series,TVF Pitchers Season 2,Hindi,New
Motivation,Series,Cubicles Season 3,Hindi,New
Motivation,Series,Panchayat Season 2,Hindi,New
Motivation,Series,Panchayat Season 3,Hindi,New
Motivation,Series,Campus Diaries,Hindi,New
Motivation,Series,Crushed,Hindi,New
Motivation,Series,Gullak,Hindi,New
Motivation,Series,Gullak Season 3,Hindi,New
Motivation,Series,Half CA,Hindi,New
Motivation,Series,Physics Wallah,Hindi,New
Motivation,Series,Startup,Hindi,New
Motivation,Series,Minus One Season 2,Hindi,New
Motivation,Series,Feels Like Home,Hindi,New
Motivation,Series,Modern Love Mumbai,Hindi,New
Motivation,Series,Modern Love Hyderabad,Hindi,New
Motivation,Series,The Fame Game,Hindi,New
Motivation,Series,Jeet Ki Zid,Hindi,New
Motivation,Series,Rocket Boys,Hindi,New
Motivation,Series,Money Heist,English,New
Motivation,Series,The Last Dance,English,New
Motivation,Series,Drive to Survive,English,New
Motivation,Series,Inventing Anna,English,New
Motivation,Series,The Dropout,English,New
Motivation,Series,WeCrashed,English,New
Motivation,Series,Startup,English,New
Motivation,Series,Emily in Paris,English,New
Motivation,Series,Ted Lasso,English,New
Motivation,Series,The Bear,English,New
Motivation,Series,The Morning Show,English,New
Motivation,Series,Succession,English,New
Motivation,Series,Industry,English,New
Motivation,Series,The Playlist,English,New
Motivation,Series,Black Bird,English,New
Motivation,Series,The Founder Series,English,New
Motivation,Series,Next in Fashion,English,New
Motivation,Series,Shark Tank India,English,New
Motivation,Series,Physical 100,English,New
Motivation,Series,Alchemy of Souls,English,New
Motivation,Series,Suits,English,Mid
Motivation,Series,The Office,English,Mid
Motivation,Series,Breaking Bad,English,Mid
Motivation,Series,Silicon Valley,English,Mid
Motivation,Series,How I Met Your Mother,English,Mid
Motivation,Series,Friends,English,Mid
Motivation,Series,The Big Bang Theory,English,Mid
Motivation,Series,Shark Tank,English,Mid
Motivation,Series,MasterChef,English,Mid
Motivation,Series,The Apprentice,English,Mid
Motivation,Series,House of Cards,English,Mid
Motivation,Series,Game of Thrones,English,Mid
Motivation,Series,Prison Break,English,Mid
Motivation,Series,The Crown,English,Mid
Motivation,Series,Narcos,English,Mid
Motivation,Series,Black Mirror,English,Mid
Motivation,Series,The Good Doctor,English,Mid
Motivation,Series,Grey's Anatomy,English,Mid
Motivation,Series,Better Call Saul,English,Mid
Motivation,Series,Lost,English,Mid
Motivation,Movie,Lakshya,Hindi,Old
Motivation,Movie,Swades,Hindi,Old
Motivation,Movie,Anand,Hindi,Old
Motivation,Movie,Guide,Hindi,Old
Motivation,Movie,Do Aankhen Barah Haath,Hindi,Old
Motivation,Movie,Jaane Bhi Do Yaaro,Hindi,Old
Motivation,Movie,Arth,Hindi,Old
Motivation,Movie,Saaransh,Hindi,Old
Motivation,Movie,Masoom,Hindi,Old
Motivation,Movie,Chak De India,Hindi,Old
Motivation,Movie,Rang De Basanti,Hindi,Old
Motivation,Movie,Border,Hindi,Old
Motivation,Movie,Haqeeqat,Hindi,Old
Motivation,Movie,Deewar,Hindi,Old
Motivation,Movie,Sholay,Hindi,Old
Motivation,Movie,Upkar,Hindi,Old
Motivation,Movie,Kabuliwala,Hindi,Old
Motivation,Movie,Mr India,Hindi,Old
Motivation,Movie,Tezaab,Hindi,Old
Motivation,Movie,Agneepath,Hindi,Old
Motivation,Movie,3 Idiots,Hindi,Mid
Motivation,Movie,Taare Zameen Par,Hindi,Mid
Motivation,Movie,Chak De India,Hindi,Mid
Motivation,Movie,Ghajini,Hindi,Mid
Motivation,Movie,My Name is Khan,Hindi,Mid
Motivation,Movie,Rocket Singh,Hindi,Mid
Motivation,Movie,Wake Up Sid,Hindi,Mid
Motivation,Movie,Rock On,Hindi,Mid
Motivation,Movie,Paathshaala,Hindi,Mid
Motivation,Movie,Udaan,Hindi,Mid
Motivation,Movie,Lagaan,Hindi,Mid
Motivation,Movie,Dangal,Hindi,Mid
Motivation,Movie,Bhaag Milkha Bhaag,Hindi,Mid
Motivation,Movie,MS Dhoni The Untold Story,Hindi,Mid
Motivation,Movie,Neerja,Hindi,Mid
Motivation,Movie,Airlift,Hindi,Mid
Motivation,Movie,Baby,Hindi,Mid
Motivation,Movie,Special 26,Hindi,Mid
Motivation,Movie,Queen,Hindi,Mid
Motivation,Movie,Paa,Hindi,Mid
Motivation,Movie,Super 30,Hindi,New
Motivation,Movie,Chhichhore,Hindi,New
Motivation,Movie,Shershaah,Hindi,New
Motivation,Movie,83,Hindi,New
Motivation,Movie,Sardar Udham,Hindi,New
Motivation,Movie,Soorma,Hindi,New
Motivation,Movie,Gold,Hindi,New
Motivation,Movie,Toofan,Hindi,New
Motivation,Movie,Jersey,Hindi,New
Motivation,Movie,Rocket Boys (Film),Hindi,New
Motivation,Movie,The Kashmir Files,Hindi,New
Motivation,Movie,Mission Mangal,Hindi,New
Motivation,Movie,Gunjan Saxena,Hindi,New
Motivation,Movie,Major,Hindi,New
Motivation,Movie,URI,Hindi,New
Motivation,Movie,Sam Bahadur,Hindi,New
Motivation,Movie,Maidaan,Hindi,New
Motivation,Movie,12th Fail,Hindi,New
Motivation,Movie,Badhaai Do,Hindi,New
Motivation,Movie,Gully Boy,Hindi,New
Motivation,Movie,Rocky,English,Old
Motivation,Movie,The Pursuit of Happyness,English,Old
Motivation,Movie,Dead Poets Society,English,Old
Motivation,Movie,Good Will Hunting,English,Old
Motivation,Movie,The Shawshank Redemption,English,Old
Motivation,Movie,Forrest Gump,English,Old
Motivation,Movie,The Karate Kid,English,Old
Motivation,Movie,Rudy,English,Old
Motivation,Movie,Coach Carter,English,Old
Motivation,Movie,Remember the Titans,English,Old
Motivation,Movie,The Blind Side,English,Old
Motivation,Movie,A Beautiful Mind,English,Old
Motivation,Movie,Moneyball,English,Old
Motivation,Movie,Gladiator,English,Old
Motivation,Movie,Braveheart,English,Old
Motivation,Movie,Freedom Writers,English,Old
Motivation,Movie,October Sky,English,Old
Motivation,Movie,The Social Network,English,Old
Motivation,Movie,The Intern,English,Old
Motivation,Movie,Cast Away,English,Old
Motivation,Movie,The Social Network,English,Mid
Motivation,Movie,Whiplash,English,Mid
Motivation,Movie,The Intern,English,Mid
Motivation,Movie,Jobs,English,Mid
Motivation,Movie,The Founder,English,Mid
Motivation,Movie,Joy,English,Mid
Motivation,Movie,The Imitation Game,English,Mid
Motivation,Movie,The Theory of Everything,English,Mid
Motivation,Movie,Steve Jobs,English,Mid
Motivation,Movie,The Wolf of Wall Street,English,Mid
Motivation,Movie,Limitless,English,Mid
Motivation,Movie,The Martian,English,Mid
Motivation,Movie,Chef,English,Mid
Motivation,Movie,The Internship,English,Mid
Motivation,Movie,Unbroken,English,Mid
Motivation,Movie,42,English,Mid
Motivation,Movie,Million Dollar Arm,English,Mid
Motivation,Movie,Soul Surfer,English,Mid
Motivation,Movie,The Greatest Game Ever Played,English,Mid
Motivation,Movie,Invictus,English,Mid
Motivation,Music,Zindagi Ek Safar Hai Suhana,Hindi,Old
Motivation,Music,Ruk Jaana Nahin,Hindi,Old
Motivation,Music,Kar Chale Hum Fida,Hindi,Old
Motivation,Music,Aye Watan Tere Liye,Hindi,Old
Motivation,Music,Yeh Hausla,Hindi,Old
Motivation,Music,Hum Honge Kamyab,Hindi,Old
Motivation,Music,Chak De India (Title),Hindi,Old
Motivation,Music,Sapnon Se Bhare Naina,Hindi,Old
Motivation,Music,Aashayein,Hindi,Old
Motivation,Music,Zinda (Bhaag Milkha Bhaag),Hindi,Old
Motivation,Music,Bhaag Milkha Bhaag (Title),Hindi,Old
Motivation,Music,Sultan (Title),Hindi,Old
Motivation,Music,Brothers Anthem,Hindi,Old
Motivation,Music,Apna Time Aayega,Hindi,Old
Motivation,Music,Jeete Hain Chal,Hindi,Old
Motivation,Music,Kar Har Maidan Fateh,Hindi,Old
Motivation,Music,Chale Chalo,Hindi,Old
Motivation,Music,Des Rangila,Hindi,Old
Motivation,Music,Aazaadiyan,Hindi,Old
Motivation,Music,Kandhon Se Milte Hain Kandhe,Hindi,Old
Motivation,Music,Kar Har Maidan Fateh,Hindi,Mid
Motivation,Music,Zinda,Hindi,Mid
Motivation,Music,Brothers Anthem,Hindi,Mid
Motivation,Music,Aashayein,Hindi,Mid
Motivation,Music,Sultan,Hindi,Mid
Motivation,Music,Chale Chalo,Hindi,Mid
Motivation,Music,Apna Time Aayega,Hindi,Mid
Motivation,Music,Jeete Hain Chal,Hindi,Mid
Motivation,Music,Bhaag Milkha Bhaag,Hindi,Mid
Motivation,Music,Ziddi Dil,Hindi,Mid
Motivation,Music,Aazaadiyan,Hindi,Mid
Motivation,Music,Yeh Hausla,Hindi,Mid
Motivation,Music,Kandhon Se Milte Hain Kandhe,Hindi,Mid
Motivation,Music,Jagga Jasoos (Galti Se Mistake),Hindi,Mid
Motivation,Music,Ilahi,Hindi,Mid
Motivation,Music,Love You Zindagi,Hindi,Mid
Motivation,Music,Phir Se Ud Chala,Hindi,Mid
Motivation,Music,Rock On,Hindi,Mid
Motivation,Music,Soorma Anthem,Hindi,Mid
Motivation,Music,Chak De India,Hindi,Mid
Motivation,Music,Jugnu,Hindi,New
Motivation,Music,Apna Bana Le (Motivation vibe),Hindi,New
Motivation,Music,Heeriye,Hindi,New
Motivation,Music,Kesariya (Motivation vibe),Hindi,New
Motivation,Music,Shabaashiyaan,Hindi,New
Motivation,Music,Lehra Do,Hindi,New
Motivation,Music,Hindustani Way,Hindi,New
Motivation,Music,Kar Har Maidan Fateh (Reprise),Hindi,New
Motivation,Music,Desh Mere,Hindi,New
Motivation,Music,Teri Mitti,Hindi,New
Motivation,Music,Raazi (Ae Watan),Hindi,New
Motivation,Music,Phir Aur Kya Chahiye (inspiration),Hindi,New
Motivation,Music,Zinda Banda,Hindi,New
Motivation,Music,Not Ramaiya Vastavaiya,Hindi,New
Motivation,Music,Challa (Jab Tak Hai Jaan),Hindi,New
Motivation,Music,Rubaru,Hindi,New
Motivation,Music,Aazadi,Hindi,New
Motivation,Music,Ghani Bawri,Hindi,New
Motivation,Music,Ilahi (Reprise),Hindi,New
Motivation,Music,Patakha Guddi,Hindi,New
Motivation,Music,Eye of the Tiger,English,Old
Motivation,Music,We Are the Champions,English,Old
Motivation,Music,Don't Stop Believin',English,Old
Motivation,Music,The Final Countdown,English,Old
Motivation,Music,Stronger,English,Old
Motivation,Music,Survivor,English,Old
Motivation,Music,Hall of Fame,English,Old
Motivation,Music,Unstoppable,English,Old
Motivation,Music,Roar,English,Old
Motivation,Music,Firework,English,Old
Motivation,Music,Beautiful Day,English,Old
Motivation,Music,Man in the Mirror,English,Old
Motivation,Music,Fix You,English,Old
Motivation,Music,Lose Yourself,English,Old
Motivation,Music,Remember the Name,English,Old
Motivation,Music,Power,English,Old
Motivation,Music,Champion,English,Old
Motivation,Music,My Way,English,Old
Motivation,Music,I'm Still Standing,English,Old
Motivation,Music,Ain't No Mountain High Enough,English,Old
Motivation,Music,Hall of Fame,English,Mid
Motivation,Music,Unstoppable,English,Mid
Motivation,Music,Stronger,English,Mid
Motivation,Music,Roar,English,Mid
Motivation,Music,Firework,English,Mid
Motivation,Music,Wake Me Up,English,Mid
Motivation,Music,Counting Stars,English,Mid
Motivation,Music,Best Day of My Life,English,Mid
Motivation,Music,On Top of the World,English,Mid
Motivation,Music,Can't Hold Us,English,Mid
Motivation,Music,Good Life,English,Mid
Motivation,Music,Remember the Name,English,Mid
Motivation,Music,Power,English,Mid
Motivation,Music,Not Afraid,English,Mid
Motivation,Music,Titanium,English,Mid
Motivation,Music,Try Everything,English,Mid
Motivation,Music,The Nights,English,Mid
Motivation,Music,High Hopes,English,Mid
Motivation,Music,Don't You Worry Child,English,Mid
Motivation,Music,Skyscraper,English,Mid
Motivation,Music,Unstoppable,English,New
Motivation,Music,Industry Baby,English,New
Motivation,Music,Enemy,English,New
Motivation,Music,Run the World,English,New
Motivation,Music,Good as Hell,English,New
Motivation,Music,Flowers,English,New
Motivation,Music,Anti-Hero,English,New
Motivation,Music,As It Was,English,New
Motivation,Music,Golden,English,New
Motivation,Music,Heat Waves,English,New
Motivation,Music,Shivers,English,New
Motivation,Music,Levitating,English,New
Motivation,Music,Blinding Lights,English,New
Motivation,Music,Stay,English,New
Motivation,Music,Peaches,English,New
Motivation,Music,Good 4 U,English,New
Motivation,Music,Drivers License,English,New
Motivation,Music,Arcade,English,New
Motivation,Music,Sunroof,English,New
Motivation,Music,Greedy,English,New
Motivation,Book,Atomic Habits,English,New
Motivation,Book,Ikigai,English,New
Motivation,Book,The Psychology of Money,English,New
Motivation,Book,Do Epic Shit,English,New
Motivation,Book,Life's Amazing Secrets,English,New
Motivation,Book,Think Like a Monk,English,New
Motivation,Book,You Are a Badass,English,New
Motivation,Book,The 5 AM Club,English,New
Motivation,Book,Can't Hurt Me,English,New
Motivation,Book,The Comfort Book,English,New
Motivation,Book,Greenlights,English,New
Motivation,Book,The Mountain Is You,English,New
Motivation,Book,Make Time,English,New
Motivation,Book,Digital Minimalism,English,New
Motivation,Book,Essentialism,English,New
Motivation,Book,Limitless,English,New
Motivation,Book,The Almanack of Naval Ravikant,English,New
Motivation,Book,Keep Going,English,New
Motivation,Book,The Code of the Extraordinary Mind,English,New
Motivation,Book,Rework,English,New
Relaxed,Movie,Chupke Chupke,Hindi,Old
Relaxed,Movie,Anand,Hindi,Old
Relaxed,Movie,Gol Maal (1979),Hindi,Old
Relaxed,Movie,Bawarchi,Hindi,Old
Relaxed,Movie,Chashme Buddoor,Hindi,Old
Relaxed,Movie,Padosan,Hindi,Old
Relaxed,Movie,Khatta Meetha (1981),Hindi,Old
Relaxed,Movie,Khoobsurat (1980),Hindi,Old
Relaxed,Movie,Rajnigandha,Hindi,Old
Relaxed,Movie,Baton Baton Mein,Hindi,Old
Relaxed,Movie,Masoom,Hindi,Old
Relaxed,Movie,Amar Prem,Hindi,Old
Relaxed,Movie,Guide,Hindi,Old
Relaxed,Movie,Mili,Hindi,Old
Relaxed,Movie,Namak Halaal,Hindi,Old
Relaxed,Movie,Angoor,Hindi,Old
Relaxed,Movie,Ek Ruka Hua Faisla,Hindi,Old
Relaxed,Movie,Katha,Hindi,Old
Relaxed,Movie,Gharonda,Hindi,Old
Relaxed,Movie,Shaukeen,Hindi,Old
Relaxed,Movie,Zindagi Na Milegi Dobara,Hindi,Mid
Relaxed,Movie,Barfi,Hindi,Mid
Relaxed,Movie,Wake Up Sid,Hindi,Mid
Relaxed,Movie,Queen,Hindi,Mid
Relaxed,Movie,Piku,Hindi,Mid
Relaxed,Movie,Dear Zindagi,Hindi,Mid
Relaxed,Movie,Kapoor and Sons,Hindi,Mid
Relaxed,Movie,Lootera,Hindi,Mid
Relaxed,Movie,Rocket Singh,Hindi,Mid
Relaxed,Movie,Khosla Ka Ghosla,Hindi,Mid
Relaxed,Movie,Do Dooni Chaar,Hindi,Mid
Relaxed,Movie,English Vinglish,Hindi,Mid
Relaxed,Movie,Stanley Ka Dabba,Hindi,Mid
Relaxed,Movie,Nil Battey Sannata,Hindi,Mid
Relaxed,Movie,Taare Zameen Par,Hindi,Mid
Relaxed,Movie,Chhoti Si Baat,Hindi,Mid
Relaxed,Movie,Dil Dhadakne Do,Hindi,Mid
Relaxed,Movie,October,Hindi,Mid
Relaxed,Movie,Highway,Hindi,Mid
Relaxed,Movie,Swades,Hindi,Mid
Relaxed,Movie,Shershaah,Hindi,New
Relaxed,Movie,Sita Ramam,Hindi,New
Relaxed,Movie,Goodbye,Hindi,New
Relaxed,Movie,Jug Jug Jeeyo,Hindi,New
Relaxed,Movie,Badhaai Ho,Hindi,New
Relaxed,Movie,Stree,Hindi,New
Relaxed,Movie,Luka Chuppi,Hindi,New
Relaxed,Movie,Bala,Hindi,New
Relaxed,Movie,Chhichhore,Hindi,New
Relaxed,Movie,Mimi,Hindi,New
Relaxed,Movie,Gehraiyaan,Hindi,New
Relaxed,Movie,The Lunchbox,Hindi,New
Relaxed,Movie,Masaan,Hindi,New
Relaxed,Movie,Raazi,Hindi,New
Relaxed,Movie,Karwaan,Hindi,New
Relaxed,Movie,Hotel Mumbai,Hindi,New
Relaxed,Movie,Good Newwz,Hindi,New
Relaxed,Movie,Panchayat (Film vibe),Hindi,New
Relaxed,Movie,Tu Jhoothi Main Makkaar,Hindi,New
Relaxed,Movie,Rocky Aur Rani,Hindi,New
Relaxed,Movie,Forrest Gump,English,Old
Relaxed,Movie,The Shawshank Redemption,English,Old
Relaxed,Movie,Dead Poets Society,English,Old
Relaxed,Movie,The Sound of Music,English,Old
Relaxed,Movie,The Parent Trap,English,Old
Relaxed,Movie,Matilda,English,Old
Relaxed,Movie,Pretty Woman,English,Old
Relaxed,Movie,Notting Hill,English,Old
Relaxed,Movie,You've Got Mail,English,Old
Relaxed,Movie,The Truman Show,English,Old
Relaxed,Movie,Big,English,Old
Relaxed,Movie,Groundhog Day,English,Old
Relaxed,Movie,Clueless,English,Old
Relaxed,Movie,My Cousin Vinny,English,Old
Relaxed,Movie,The Breakfast Club,English,Old
Relaxed,Movie,Stand by Me,English,Old
Relaxed,Movie,Hook,English,Old
Relaxed,Movie,Babe,English,Old
Relaxed,Movie,Home Alone,English,Old
Relaxed,Movie,The Mask,English,Old
Relaxed,Movie,The Intern,English,Mid
Relaxed,Movie,Julie & Julia,English,Mid
Relaxed,Movie,Little Miss Sunshine,English,Mid
Relaxed,Movie,500 Days of Summer,English,Mid
Relaxed,Movie,The Holiday,English,Mid
Relaxed,Movie,Love Actually,English,Mid
Relaxed,Movie,The Proposal,English,Mid
Relaxed,Movie,Easy A,English,Mid
Relaxed,Movie,Chef,English,Mid
Relaxed,Movie,The Secret Life of Walter Mitty,English,Mid
Relaxed,Movie,Midnight in Paris,English,Mid
Relaxed,Movie,The Devil Wears Prada,English,Mid
Relaxed,Movie,Mean Girls,English,Mid
Relaxed,Movie,Legally Blonde,English,Mid
Relaxed,Movie,Mamma Mia!,English,Mid
Relaxed,Movie,School of Rock,English,Mid
Relaxed,Movie,Yes Man,English,Mid
Relaxed,Movie,About Time,English,Mid
Relaxed,Movie,The Bucket List,English,Mid
Relaxed,Movie,The Blind Side,English,Mid
Relaxed,Movie,Free Guy,English,New
Relaxed,Movie,Paddington 2,English,New
Relaxed,Movie,Barbie,English,New
Relaxed,Movie,Encanto,English,New
Relaxed,Movie,Soul,English,New
Relaxed,Movie,Cruella,English,New
Relaxed,Movie,The Greatest Showman,English,New
Relaxed,Movie,Coco,English,New
Relaxed,Movie,Zootopia,English,New
Relaxed,Movie,The Intern Returns,English,New
Relaxed,Movie,Knives Out,English,New
Relaxed,Movie,Glass Onion,English,New
Relaxed,Movie,The Menu,English,New
Relaxed,Movie,La La Land,English,New
Relaxed,Movie,The Mitchells vs Machines,English,New
Relaxed,Movie,The Half of It,English,New
Relaxed,Movie,The Big Sick,English,New
Relaxed,Movie,Ticket to Paradise,English,New
Relaxed,Movie,Marry Me,English,New
Relaxed,Movie,Holidate,English,New
Relaxed,Music,Lag Ja Gale,Hindi,Old
Relaxed,Music,Ajeeb Dastan Hai Yeh,Hindi,Old
Relaxed,Music,Tere Bina Zindagi Se,Hindi,Old
Relaxed,Music,Pal Pal Dil Ke Paas,Hindi,Old
Relaxed,Music,Chingari Koi Bhadke,Hindi,Old
Relaxed,Music,Kabhi Kabhi Mere Dil Mein,Hindi,Old
Relaxed,Music,Yeh Shaam Mastani,Hindi,Old
Relaxed,Music,O Mere Dil Ke Chain,Hindi,Old
Relaxed,Music,Rimjhim Gire Saawan,Hindi,Old
Relaxed,Music,Kahin Door Jab Din Dhal Jaye,Hindi,Old
Relaxed,Music,Ek Pyar Ka Nagma Hai,Hindi,Old
Relaxed,Music,Woh Shaam Kuch Ajeeb Thi,Hindi,Old
Relaxed,Music,Tum Itna Jo Muskura Rahe Ho,Hindi,Old
Relaxed,Music,Dil Dhoondta Hai,Hindi,Old
Relaxed,Music,Tujhse Naraz Nahin Zindagi,Hindi,Old
Relaxed,Music,Zindagi Ka Safar,Hindi,Old
Relaxed,Music,Humein Tumse Pyaar Kitna,Hindi,Old
Relaxed,Music,Na Tum Humein Jaano,Hindi,Old
Relaxed,Music,Chaudhvin Ka Chand Ho,Hindi,Old
Relaxed,Music,Khoya Khoya Chand,Hindi,Old
Relaxed,Music,Iktara,Hindi,Mid
Relaxed,Music,Phir Le Aya Dil,Hindi,Mid
Relaxed,Music,Saibo,Hindi,Mid
Relaxed,Music,Kun Faya Kun,Hindi,Mid
Relaxed,Music,Tu Jaane Na,Hindi,Mid
Relaxed,Music,Raabta,Hindi,Mid
Relaxed,Music,Jeene Laga Hoon,Hindi,Mid
Relaxed,Music,Agar Tum Saath Ho,Hindi,Mid
Relaxed,Music,Kabira,Hindi,Mid
Relaxed,Music,Ilahi,Hindi,Mid
Relaxed,Music,Tum Se Hi,Hindi,Mid
Relaxed,Music,Shayad,Hindi,Mid
Relaxed,Music,Muskurane,Hindi,Mid
Relaxed,Music,Khairiyat,Hindi,Mid
Relaxed,Music,Phir Kabhi,Hindi,Mid
Relaxed,Music,Tera Ban Jaunga,Hindi,Mid
Relaxed,Music,Samjhawan,Hindi,Mid
Relaxed,Music,Sun Saathiya,Hindi,Mid
Relaxed,Music,Love You Zindagi,Hindi,Mid
Relaxed,Music,Tere Sang Yaara,Hindi,Mid
Relaxed,Music,Kesariya,Hindi,New
Relaxed,Music,Raataan Lambiyan,Hindi,New
Relaxed,Music,Ranjha,Hindi,New
Relaxed,Music,Apna Bana Le,Hindi,New
Relaxed,Music,Heeriye,Hindi,New
Relaxed,Music,Phir Aur Kya Chahiye,Hindi,New
Relaxed,Music,Tere Vaaste,Hindi,New
Relaxed,Music,Ve Kamleya,Hindi,New
Relaxed,Music,Maan Meri Jaan,Hindi,New
Relaxed,Music,Tum Mile,Hindi,New
Relaxed,Music,Khairiyat (Reprise),Hindi,New
Relaxed,Music,Raabta (Reprise),Hindi,New
Relaxed,Music,Pal,Hindi,New
Relaxed,Music,Tera Chehra,Hindi,New
Relaxed,Music,Kaise Hua,Hindi,New
Relaxed,Music,Channa Mereya (Reprise),Hindi,New
Relaxed,Music,Shayad (Reprise),Hindi,New
Relaxed,Music,Tera Ban Jaunga (Reprise),Hindi,New
Relaxed,Music,Samjhawan (Reprise),Hindi,New
Relaxed,Music,Iktara (Reprise),Hindi,New
Relaxed,Music,Imagine,English,Old
Relaxed,Music,Let It Be,English,Old
Relaxed,Music,Yesterday,English,Old
Relaxed,Music,Hotel California,English,Old
Relaxed,Music,The Sound of Silence,English,Old
Relaxed,Music,Bridge Over Troubled Water,English,Old
Relaxed,Music,Tears in Heaven,English,Old
Relaxed,Music,Unchained Melody,English,Old
Relaxed,Music,Wonderful Tonight,English,Old
Relaxed,Music,Time After Time,English,Old
Relaxed,Music,Every Breath You Take,English,Old
Relaxed,Music,Nothing Compares 2 U,English,Old
Relaxed,Music,Fields of Gold,English,Old
Relaxed,Music,Angie,English,Old
Relaxed,Music,Black,English,Old
Relaxed,Music,Knockin on Heaven's Door,English,Old
Relaxed,Music,With or Without You,English,Old
Relaxed,Music,Landslide,English,Old
Relaxed,Music,Easy,English,Old
Relaxed,Music,Stand by Me,English,Old
Relaxed,Music,Fix You,English,Mid
Relaxed,Music,Yellow,English,Mid
Relaxed,Music,The Scientist,English,Mid
Relaxed,Music,Chasing Cars,English,Mid
Relaxed,Music,Let Her Go,English,Mid
Relaxed,Music,Photograph,English,Mid
Relaxed,Music,All of Me,English,Mid
Relaxed,Music,Stay With Me,English,Mid
Relaxed,Music,Thinking Out Loud,English,Mid
Relaxed,Music,A Thousand Years,English,Mid
Relaxed,Music,I'm Yours,English,Mid
Relaxed,Music,Hey There Delilah,English,Mid
Relaxed,Music,Just Give Me a Reason,English,Mid
Relaxed,Music,Best Part,English,Mid
Relaxed,Music,Make You Feel My Love,English,Mid
Relaxed,Music,Gravity,English,Mid
Relaxed,Music,Lost,English,Mid
Relaxed,Music,Slow Dancing in a Burning Room,English,Mid
Relaxed,Music,Ocean Eyes,English,Mid
Relaxed,Music,Bloom,English,Mid
Relaxed,Music,Until I Found You,English,New
Relaxed,Music,Golden,English,New
Relaxed,Music,As It Was,English,New
Relaxed,Music,Heat Waves,English,New
Relaxed,Music,Stay,English,New
Relaxed,Music,Peaches,English,New
Relaxed,Music,Sunroof,English,New
Relaxed,Music,Flowers,English,New
Relaxed,Music,Anti-Hero,English,New
Relaxed,Music,Shivers,English,New
Relaxed,Music,Adore You,English,New
Relaxed,Music,Daylight,English,New
Relaxed,Music,Lover,English,New
Relaxed,Music,Angel Baby,English,New
Relaxed,Music,Intentions,English,New
Relaxed,Music,Someone You Loved,English,New
Relaxed,Music,Before You Go,English,New
Relaxed,Music,Arcade,English,New
Relaxed,Music,Traitor,English,New
Relaxed,Music,Another Love,English,New
Relaxed,Book,The Alchemist,English,Mid
Relaxed,Book,The Little Prince,English,Mid
Relaxed,Book,Tuesdays with Morrie,English,Mid
Relaxed,Book,The Power of Now,English,Mid
Relaxed,Book,The Four Agreements,English,Mid
Relaxed,Book,Who Moved My Cheese,English,Mid
Relaxed,Book,The Monk Who Sold His Ferrari,English,Mid
Relaxed,Book,Ikigai (early editions),English,Mid
Relaxed,Book,The Secret,English,Mid
Relaxed,Book,Big Magic,English,Mid
Relaxed,Book,The Happiness Project,English,Mid
Relaxed,Book,Flow,English,Mid
Relaxed,Book,Man's Search for Meaning,English,Mid
Relaxed,Book,The Art of Happiness,English,Mid
Relaxed,Book,Gift from the Sea,English,Mid
Relaxed,Book,The Road Less Traveled,English,Mid
Relaxed,Book,Zen and the Art of Motorcycle Maintenance,English,Mid
Relaxed,Book,The Prophet,English,Mid
Relaxed,Book,Siddhartha,English,Mid
Relaxed,Book,Jonathan Livingston Seagull,English,Mid
Relaxed,Book,Atomic Habits,English,New
Relaxed,Book,The Psychology of Money,English,New
Relaxed,Book,Think Like a Monk,English,New
Relaxed,Book,The Comfort Book,English,New
Relaxed,Book,The Mountain Is You,English,New
Relaxed,Book,Don't Sweat the Small Stuff,English,New
Relaxed,Book,The Things You Can See Only When You Slow Down,English,New
Relaxed,Book,Good Vibes Good Life,English,New
Relaxed,Book,Do Epic Shit,English,New
Relaxed,Book,Life's Amazing Secrets,English,New
Relaxed,Book,Keep Going,English,New
Relaxed,Book,Make Time,English,New
Relaxed,Book,Digital Minimalism,English,New
Relaxed,Book,Essentialism,English,New
Relaxed,Book,The Almanack of Naval Ravikant,English,New
Relaxed,Book,The Daily Stoic,English,New
Relaxed,Book,Calm,English,New
Relaxed,Book,The Joy of Missing Out,English,New
Relaxed,Book,Rest,English,New
Relaxed,Book,Wintering,English,New
Relaxed,Series,Little Things,Hindi,Mid
Relaxed,Series,Flames,Hindi,Mid
Relaxed,Series,Adulting,Hindi,Mid
Relaxed,Series,Please Find Attached,Hindi,Mid
Relaxed,Series,What The Folks,Hindi,Mid
Relaxed,Series,Girls Hostel,Hindi,Mid
Relaxed,Series,Engineering Girls,Hindi,Mid
Relaxed,Series,Permanent Roommates,Hindi,Mid
Relaxed,Series,TVF Pitchers,Hindi,Mid
Relaxed,Series,Kota Factory,Hindi,Mid
Relaxed,Series,Humorously Yours,Hindi,Mid
Relaxed,Series,Baked,Hindi,Mid
Relaxed,Series,ImMATURE,Hindi,Mid
Relaxed,Series,College Romance,Hindi,Mid
Relaxed,Series,Love Lust and Confusion,Hindi,Mid
Relaxed,Series,Minus One,Hindi,Mid
Relaxed,Series,Panchayat,Hindi,Mid
Relaxed,Series,Hostel Daze,Hindi,Mid
Relaxed,Series,Better Life Foundation,Hindi,Mid
Relaxed,Series,OK Computer,Hindi,Mid
Relaxed,Series,Mismatched,Hindi,New
Relaxed,Series,Highway Love,Hindi,New
Relaxed,Series,School Friends,Hindi,New
Relaxed,Series,Ishq Express,Hindi,New
Relaxed,Series,Feels Like Ishq,Hindi,New
Relaxed,Series,Modern Love Mumbai,Hindi,New
Relaxed,Series,Modern Love Hyderabad,Hindi,New
Relaxed,Series,Gullak,Hindi,New
Relaxed,Series,Gullak Season 3,Hindi,New
Relaxed,Series,Panchayat Season 2,Hindi,New
Relaxed,Series,Panchayat Season 3,Hindi,New
Relaxed,Series,Cubicles,Hindi,New
Relaxed,Series,Campus Diaries,Hindi,New
Relaxed,Series,Crushed,Hindi,New
Relaxed,Series,Half CA,Hindi,New
Relaxed,Series,Feels Like Home,Hindi,New
Relaxed,Series,The Fame Game,Hindi,New
Relaxed,Series,Minus One Season 2,Hindi,New
Relaxed,Series,Butterflies,Hindi,New
Relaxed,Series,Love Storiyaan,Hindi,New
Relaxed,Series,Friends,English,Mid
Relaxed,Series,The Office,English,Mid
Relaxed,Series,Brooklyn Nine-Nine,English,Mid
Relaxed,Series,How I Met Your Mother,English,Mid
Relaxed,Series,Modern Family,English,Mid
Relaxed,Series,The Big Bang Theory,English,Mid
Relaxed,Series,Gilmore Girls,English,Mid
Relaxed,Series,New Girl,English,Mid
Relaxed,Series,Jane the Virgin,English,Mid
Relaxed,Series,The Good Place,English,Mid
Relaxed,Series,Parks and Recreation,English,Mid
Relaxed,Series,Scrubs,English,Mid
Relaxed,Series,Community,English,Mid
Relaxed,Series,Malcolm in the Middle,English,Mid
Relaxed,Series,Full House,English,Mid
Relaxed,Series,Chuck,English,Mid
Relaxed,Series,Arrested Development,English,Mid
Relaxed,Series,Entourage,English,Mid
Relaxed,Series,That '70s Show,English,Mid
Relaxed,Series,The Middle,English,Mid
Relaxed,Series,Ted Lasso,English,New
Relaxed,Series,Emily in Paris,English,New
Relaxed,Series,Sex Education,English,New
Relaxed,Series,Never Have I Ever,English,New
Relaxed,Series,Young Sheldon,English,New
Relaxed,Series,Schitt's Creek,English,New
Relaxed,Series,Kim's Convenience,English,New
Relaxed,Series,Atypical,English,New
Relaxed,Series,Heartstopper,English,New
Relaxed,Series,The Bear,English,New
Relaxed,Series,Only Murders in the Building,English,New
Relaxed,Series,Bridgerton,English,New
Relaxed,Series,Upload,English,New
Relaxed,Series,The Marvelous Mrs Maisel,English,New
Relaxed,Series,Dash and Lily,English,New
Relaxed,Series,Love Life,English,New
Relaxed,Series,Modern Love,English,New
Relaxed,Series,Crash Landing on You,English,New
Relaxed,Series,True Beauty,English,New
Relaxed,Series,Business Proposal,English,New
Horror,Movie,Mahal,Hindi,Old
Horror,Movie,Bees Saal Baad,Hindi,Old
Horror,Movie,Woh Kaun Thi,Hindi,Old
Horror,Movie,Gumnaam,Hindi,Old
Horror,Movie,Kohraa,Hindi,Old
Horror,Movie,Do Gaz Zameen Ke Neeche,Hindi,Old
Horror,Movie,Guest House,Hindi,Old
Horror,Movie,Hotel,Hindi,Old
Horror,Movie,Purana Mandir,Hindi,Old
Horror,Movie,Veerana,Hindi,Old
Horror,Movie,Bandh Darwaza,Hindi,Old
Horror,Movie,Tahkhana,Hindi,Old
Horror,Movie,Shaque,Hindi,Old
Horror,Movie,Jaani Dushman,Hindi,Old
Horror,Movie,Nagin,Hindi,Old
Horror,Movie,Junoon,Hindi,Old
Horror,Movie,100 Days,Hindi,Old
Horror,Movie,Khooni Panja,Hindi,Old
Horror,Movie,Raat,Hindi,Old
Horror,Movie,Kaun,Hindi,Old
Horror,Movie,Raaz,Hindi,Mid
Horror,Movie,Raaz 2,Hindi,Mid
Horror,Movie,1920,Hindi,Mid
Horror,Movie,1920 Evil Returns,Hindi,Mid
Horror,Movie,Haunted 3D,Hindi,Mid
Horror,Movie,Ragini MMS,Hindi,Mid
Horror,Movie,Ragini MMS 2,Hindi,Mid
Horror,Movie,Bhoot,Hindi,Mid
Horror,Movie,Vaastu Shastra,Hindi,Mid
Horror,Movie,Darna Mana Hai,Hindi,Mid
Horror,Movie,Darna Zaroori Hai,Hindi,Mid
Horror,Movie,Krishna Cottage,Hindi,Mid
Horror,Movie,13B,Hindi,Mid
Horror,Movie,Ek Thi Daayan,Hindi,Mid
Horror,Movie,Phobia,Hindi,Mid
Horror,Movie,Pari,Hindi,Mid
Horror,Movie,Tumbbad,Hindi,Mid
Horror,Movie,Game Over,Hindi,Mid
Horror,Movie,Stree,Hindi,Mid
Horror,Movie,1921,Hindi,Mid
Horror,Movie,Stree 2,Hindi,New
Horror,Movie,Bhediya,Hindi,New
Horror,Movie,Bhul Bhulaiyaa 2,Hindi,New
Horror,Movie,Phone Bhoot,Hindi,New
Horror,Movie,Chhorii,Hindi,New
Horror,Movie,Chhorii 2,Hindi,New
Horror,Movie,Kakuda,Hindi,New
Horror,Movie,Munjya,Hindi,New
Horror,Movie,Roohi,Hindi,New
Horror,Movie,The House Next Door,Hindi,New
Horror,Movie,Ghost Stories,Hindi,New
Horror,Movie,Typewriter,Hindi,New
Horror,Movie,Dybbuk,Hindi,New
Horror,Movie,Kaali Khuhi,Hindi,New
Horror,Movie,Ludo (dark vibe),Hindi,New
Horror,Movie,Shaitaan,Hindi,New
Horror,Movie,Gaslight,Hindi,New
Horror,Movie,Freddy,Hindi,New
Horror,Movie,Blurr,Hindi,New
Horror,Movie,Bhoot Part One,Hindi,New
Horror,Movie,The Exorcist,English,Old
Horror,Movie,The Shining,English,Old
Horror,Movie,Psycho,English,Old
Horror,Movie,The Omen,English,Old
Horror,Movie,Halloween,English,Old
Horror,Movie,Friday the 13th,English,Old
Horror,Movie,A Nightmare on Elm Street,English,Old
Horror,Movie,Poltergeist,English,Old
Horror,Movie,The Texas Chain Saw Massacre,English,Old
Horror,Movie,Jaws,English,Old
Horror,Movie,Alien,English,Old
Horror,Movie,The Thing,English,Old
Horror,Movie,The Amityville Horror,English,Old
Horror,Movie,Carrie,English,Old
Horror,Movie,The Fly,English,Old
Horror,Movie,Pet Sematary,English,Old
Horror,Movie,The Silence of the Lambs,English,Old
Horror,Movie,Candyman,English,Old
Horror,Movie,Scream,English,Old
Horror,Movie,Bram Stoker's Dracula,English,Old
Horror,Movie,The Conjuring,English,Mid
Horror,Movie,The Conjuring 2,English,Mid
Horror,Movie,Insidious,English,Mid
Horror,Movie,Insidious Chapter 2,English,Mid
Horror,Movie,Annabelle,English,Mid
Horror,Movie,Annabelle Creation,English,Mid
Horror,Movie,The Nun,English,Mid
Horror,Movie,The Ring,English,Mid
Horror,Movie,The Grudge,English,Mid
Horror,Movie,Paranormal Activity,English,Mid
Horror,Movie,Saw,English,Mid
Horror,Movie,Sinister,English,Mid
Horror,Movie,Hereditary,English,Mid
Horror,Movie,Get Out,English,Mid
Horror,Movie,It (2017),English,Mid
Horror,Movie,The Babadook,English,Mid
Horror,Movie,The Witch,English,Mid
Horror,Movie,The Autopsy of Jane Doe,English,Mid
Horror,Movie,Don't Breathe,English,Mid
Horror,Movie,Us,English,Mid
Horror,Movie,The Nun 2,English,New
Horror,Movie,Insidious The Red Door,English,New
Horror,Movie,The Conjuring 3,English,New
Horror,Movie,Annabelle Comes Home,English,New
Horror,Movie,Smile,English,New
Horror,Movie,Barbarian,English,New
Horror,Movie,Talk to Me,English,New
Horror,Movie,The Menu,English,New
Horror,Movie,Nope,English,New
Horror,Movie,The Black Phone,English,New
Horror,Movie,Fresh,English,New
Horror,Movie,X,English,New
Horror,Movie,Pearl,English,New
Horror,Movie,M3GAN,English,New
Horror,Movie,Five Nights at Freddy's,English,New
Horror,Movie,It Chapter Two,English,New
Horror,Movie,Evil Dead Rise,English,New
Horror,Movie,Scream VI,English,New
Horror,Movie,The Invisible Man,English,New
Horror,Movie,A Quiet Place Part II,English,New
Horror,Music,Aami Je Tomar,Hindi,Old
Horror,Music,Raaz Theme,Hindi,Old
Horror,Music,Bhoot Hoon Main,Hindi,Old
Horror,Music,Kya Mujhe Pyaar Hai (dark vibe),Hindi,Old
Horror,Music,Kaun Hai Woh (old horror tone),Hindi,Old
Horror,Music,Raat Akeli Hai,Hindi,Old
Horror,Music,Gumnaam Hai Koi,Hindi,Old
Horror,Music,Kahin Deep Jale Kahin Dil,Hindi,Old
Horror,Music,Aayega Aanewala,Hindi,Old
Horror,Music,Naina Barse Rimjhim,Hindi,Old
Horror,Music,Tum Mile (dark version),Hindi,Old
Horror,Music,Jaadu Hai Nasha Hai,Hindi,Old
Horror,Music,Woh Lamhe (dark vibe),Hindi,Old
Horror,Music,Lag Ja Gale (mystic vibe),Hindi,Old
Horror,Music,Beete Lamhe,Hindi,Old
Horror,Music,Tadap Tadap (dark mood),Hindi,Old
Horror,Music,Agar Tum Saath Ho (dark edit),Hindi,Old
Horror,Music,Tera Mera Rishta,Hindi,Old
Horror,Music,Jadu Teri Nazar,Hindi,Old
Horror,Music,Tu Hai Ki Nahi (dark tone),Hindi,Old
Horror,Music,Aami Je Tomar 2,Hindi,Mid
Horror,Music,Bheegi Bheegi,Hindi,Mid
Horror,Music,Jiyein Kyun,Hindi,Mid
Horror,Music,Phir Mohabbat,Hindi,Mid
Horror,Music,Hale Dil,Hindi,Mid
Horror,Music,Maula Mere Maula (dark vibe),Hindi,Mid
Horror,Music,Khamoshiyan,Hindi,Mid
Horror,Music,Tu Hi Haqeeqat,Hindi,Mid
Horror,Music,Zara Zara,Hindi,Mid
Horror,Music,Woh Lamhe,Hindi,Mid
Horror,Music,Aadat,Hindi,Mid
Horror,Music,Tera Mera Rishta,Hindi,Mid
Horror,Music,Awari,Hindi,Mid
Horror,Music,Bheegi Bheegi Si,Hindi,Mid
Horror,Music,Phir Kabhi,Hindi,Mid
Horror,Music,Muskurane (sad dark),Hindi,Mid
Horror,Music,Bekhudaa,Hindi,Mid
Horror,Music,Sun Raha Hai,Hindi,Mid
Horror,Music,Raabta (dark),Hindi,Mid
Horror,Music,Khairiyat (dark),Hindi,Mid
Horror,Music,Aami Je Tomar (Bhool Bhulaiyaa 2),Hindi,New
Horror,Music,Ranjha (dark tone),Hindi,New
Horror,Music,Kesariya (dark edit),Hindi,New
Horror,Music,Heeriye (slow vibe),Hindi,New
Horror,Music,Apna Bana Le (dark),Hindi,New
Horror,Music,Tera Ban Jaunga (dark),Hindi,New
Horror,Music,Raataan Lambiyan (dark),Hindi,New
Horror,Music,Phir Aur Kya Chahiye (dark),Hindi,New
Horror,Music,Tum Mile (reprise dark),Hindi,New
Horror,Music,Shayad (dark),Hindi,New
Horror,Music,Kaise Hua (dark),Hindi,New
Horror,Music,Tera Chehra (dark),Hindi,New
Horror,Music,Bewafa Tera Masoom Chehra,Hindi,New
Horror,Music,Lut Gaye (dark),Hindi,New
Horror,Music,Filhaal (dark),Hindi,New
Horror,Music,Filhaal 2 (dark),Hindi,New
Horror,Music,Mann Bharrya (dark),Hindi,New
Horror,Music,Baarish Ki Jaaye (dark),Hindi,New
Horror,Music,Teri Mitti (dark tone),Hindi,New
Horror,Music,Khairiyat (reprise dark),Hindi,New
Horror,Music,The Exorcist Theme,English,Old
Horror,Music,Halloween Theme,English,Old
Horror,Music,Psycho Theme,English,Old
Horror,Music,Jaws Theme,English,Old
Horror,Music,The Shining Theme,English,Old
Horror,Music,The Omen Theme,English,Old
Horror,Music,Beetlejuice Theme,English,Old
Horror,Music,Poltergeist Theme,English,Old
Horror,Music,The Thing Theme,English,Old
Horror,Music,Suspiria Theme,English,Old
Horror,Music,The X-Files Theme,English,Old
Horror,Music,Twin Peaks Theme,English,Old
Horror,Music,Dracula Theme,English,Old
Horror,Music,Nosferatu Theme,English,Old
Horror,Music,Alien Theme,English,Old
Horror,Music,Carrie Theme,English,Old
Horror,Music,The Fly Theme,English,Old
Horror,Music,Pet Sematary Theme,English,Old
Horror,Music,Candyman Theme,English,Old
Horror,Music,Scream Theme,English,Old
Horror,Music,The Conjuring Theme,English,Mid
Horror,Music,Insidious Theme,English,Mid
Horror,Music,Annabelle Theme,English,Mid
Horror,Music,The Ring Theme,English,Mid
Horror,Music,The Grudge Theme,English,Mid
Horror,Music,Paranormal Activity Theme,English,Mid
Horror,Music,Saw Theme,English,Mid
Horror,Music,Sinister Theme,English,Mid
Horror,Music,Hereditary Theme,English,Mid
Horror,Music,Get Out Theme,English,Mid
Horror,Music,It Theme,English,Mid
Horror,Music,The Babadook Theme,English,Mid
Horror,Music,The Witch Theme,English,Mid
Horror,Music,Don't Breathe Theme,English,Mid
Horror,Music,Us Theme,English,Mid
Horror,Music,Stranger Things Theme,English,Mid
Horror,Music,American Horror Story Theme,English,Mid
Horror,Music,Black Mirror Theme,English,Mid
Horror,Music,Dark Theme,English,Mid
Horror,Music,Hannibal Theme,English,Mid
Horror,Music,The Nun Theme,English,New
Horror,Music,Smile Theme,English,New
Horror,Music,Barbarian Theme,English,New
Horror,Music,Talk to Me Theme,English,New
Horror,Music,Nope Theme,English,New
Horror,Music,The Black Phone Theme,English,New
Horror,Music,Fresh Theme,English,New
Horror,Music,X Theme,English,New
Horror,Music,Pearl Theme,English,New
Horror,Music,M3GAN Theme,English,New
Horror,Music,Five Nights at Freddy's Theme,English,New
Horror,Music,Evil Dead Rise Theme,English,New
Horror,Music,Scream VI Theme,English,New
Horror,Music,The Invisible Man Theme,English,New
Horror,Music,A Quiet Place Theme,English,New
Horror,Music,Wednesday Theme,English,New
Horror,Music,The Last of Us Theme,English,New
Horror,Music,Midnight Mass Theme,English,New
Horror,Music,The Haunting Theme,English,New
Horror,Music,The Fall of the House of Usher Theme,English,New
Horror,Series,Aahat,Hindi,Mid
Horror,Series,Fear Files,Hindi,Mid
Horror,Series,Anhoniyon Ka Andhera,Hindi,Mid
Horror,Series,Ssshhhh Phir Koi Hai,Hindi,Mid
Horror,Series,Raat Hone Ko Hai,Hindi,Mid
Horror,Series,Kaun Hai,Hindi,Mid
Horror,Series,Shhh Koi Hai,Hindi,Mid
Horror,Series,Vikraal Aur Gabraal,Hindi,Mid
Horror,Series,Zee Horror Show,Hindi,Mid
Horror,Series,Mano Ya Na Mano,Hindi,Mid
Horror,Series,Saturday Suspense,Hindi,Mid
Horror,Series,Ek Deewaana Tha,Hindi,Mid
Horror,Series,Anamika,Hindi,Mid
Horror,Series,Khauf,Hindi,Mid
Horror,Series,Gehraiyaan (series),Hindi,Mid
Horror,Series,Anjaan,Hindi,Mid
Horror,Series,Ghost Stories,Hindi,Mid
Horror,Series,Bhoot Tales,Hindi,Mid
Horror,Series,Typewriter,Hindi,Mid
Horror,Series,Ghoul,Hindi,Mid
Horror,Series,Typewriter Season 2,Hindi,New
Horror,Series,Ghoul Season 2,Hindi,New
Horror,Series,Chhorii Series,Hindi,New
Horror,Series,Betaal,Hindi,New
Horror,Series,Tooth Pari,Hindi,New
Horror,Series,Adhura,Hindi,New
Horror,Series,Dahaad (dark vibe),Hindi,New
Horror,Series,Khauf (2023),Hindi,New
Horror,Series,The Village (Hindi dub),Hindi,New
Horror,Series,Asur (dark thriller),Hindi,New
Horror,Series,Duranga (dark),Hindi,New
Horror,Series,Abhay,Hindi,New
Horror,Series,Delhi Crime (dark tone),Hindi,New
Horror,Series,Criminal Justice (dark),Hindi,New
Horror,Series,Kaala,Hindi,New
Horror,Series,Paatal Lok,Hindi,New
Horror,Series,Aranyak,Hindi,New
Horror,Series,The Railway Men (dark),Hindi,New
Horror,Series,Kohrra,Hindi,New
Horror,Series,Inspector Avinash (dark),Hindi,New
Horror,Series,American Horror Story,English,Mid
Horror,Series,Stranger Things,English,Mid
Horror,Series,The Walking Dead,English,Mid
Horror,Series,Supernatural,English,Mid
Horror,Series,Hannibal,English,Mid
Horror,Series,The X Files,English,Mid
Horror,Series,Twin Peaks,English,Mid
Horror,Series,Bates Motel,English,Mid
Horror,Series,Penny Dreadful,English,Mid
Horror,Series,The Strain,English,Mid
Horror,Series,Scream (TV Series),English,Mid
Horror,Series,Hemlock Grove,English,Mid
Horror,Series,The Terror,English,Mid
Horror,Series,Channel Zero,English,Mid
Horror,Series,Black Mirror,English,Mid
Horror,Series,Dark,English,Mid
Horror,Series,The Leftovers,English,Mid
Horror,Series,Castle Rock,English,Mid
Horror,Series,Slasher,English,Mid
Horror,Series,From,English,Mid
Horror,Series,The Haunting of Hill House,English,New
Horror,Series,The Haunting of Bly Manor,English,New
Horror,Series,Midnight Mass,English,New
Horror,Series,The Fall of the House of Usher,English,New
Horror,Series,Wednesday,English,New
Horror,Series,The Last of Us,English,New
Horror,Series,Archive 81,English,New
Horror,Series,Brand New Cherry Flavor,English,New
Horror,Series,Servant,English,New
Horror,Series,Yellowjackets,English,New
Horror,Series,1899,English,New
Horror,Series,Kingdom,English,New
Horror,Series,All of Us Are Dead,English,New
Horror,Series,Sweet Home,English,New
Horror,Series,Hellbound,English,New
Horror,Series,Ju-On Origins,English,New
Horror,Series,Parasyte The Grey,English,New
Horror,Series,The Guest,English,New
Horror,Series,Moving,English,New
Horror,Series,Revenant,English,New
Horror,Book,The Shining,English,Mid
Horror,Book,It,English,Mid
Horror,Book,Dracula,English,Mid
Horror,Book,Frankenstein,English,Mid
Horror,Book,Pet Sematary,English,Mid
Horror,Book,The Exorcist,English,Mid
Horror,Book,The Haunting of Hill House,English,Mid
Horror,Book,The Turn of the Screw,English,Mid
Horror,Book,Psycho,English,Mid
Horror,Book,Interview with the Vampire,English,Mid
Horror,Book,Salem's Lot,English,Mid
Horror,Book,The Silence of the Lambs,English,Mid
Horror,Book,Red Dragon,English,Mid
Horror,Book,The Girl with the Dragon Tattoo,English,Mid
Horror,Book,Gone Girl,English,Mid
Horror,Book,Rebecca,English,Mid
Horror,Book,The Woman in Black,English,Mid
Horror,Book,House of Leaves,English,Mid
Horror,Book,The Amityville Horror,English,Mid
Horror,Book,The Ritual,English,Mid
Horror,Book,Bird Box,English,New
Horror,Book,The Silent Patient,English,New
Horror,Book,The Institute,English,New
Horror,Book,The Outsider,English,New
Horror,Book,The Cabin at the End of the World,English,New
Horror,Book,The Troop,English,New
Horror,Book,The Only Good Indians,English,New
Horror,Book,Mexican Gothic,English,New
Horror,Book,The Last House on Needless Street,English,New
Horror,Book,Imaginary Friend,English,New
Horror,Book,Hidden Pictures,English,New
Horror,Book,The Whisper Man,English,New
Horror,Book,The Chalk Man,English,New
Horror,Book,The Chain,English,New
Horror,Book,Lock Every Door,English,New
Horror,Book,Final Girls,English,New
Horror,Book,The Guest List,English,New
Horror,Book,The Paris Apartment,English,New
Horror,Book,Survive the Night,English,New
Horror,Book,The House Across the Lake,English,New
Excited,Movie,Sholay,Hindi,Old
Excited,Movie,Don (1978),Hindi,Old
Excited,Movie,Mr India,Hindi,Old
Excited,Movie,Amar Akbar Anthony,Hindi,Old
Excited,Movie,Tezaab,Hindi,Old
Excited,Movie,Qayamat Se Qayamat Tak,Hindi,Old
Excited,Movie,Tridev,Hindi,Old
Excited,Movie,Shahenshah,Hindi,Old
Excited,Movie,Karma,Hindi,Old
Excited,Movie,Disco Dancer,Hindi,Old
Excited,Movie,Khoon Bhari Maang,Hindi,Old
Excited,Movie,Hero,Hindi,Old
Excited,Movie,Nagina,Hindi,Old
Excited,Movie,ChaalBaaz,Hindi,Old
Excited,Movie,Hum,Hindi,Old
Excited,Movie,Saajan,Hindi,Old
Excited,Movie,Beta,Hindi,Old
Excited,Movie,Judwaa,Hindi,Old
Excited,Movie,Rangeela,Hindi,Old
Excited,Movie,Andaz Apna Apna,Hindi,Old
Excited,Movie,Dhoom,Hindi,Mid
Excited,Movie,Dhoom 2,Hindi,Mid
Excited,Movie,Don,Hindi,Mid
Excited,Movie,Don 2,Hindi,Mid
Excited,Movie,Om Shanti Om,Hindi,Mid
Excited,Movie,Chennai Express,Hindi,Mid
Excited,Movie,Singh is King,Hindi,Mid
Excited,Movie,Ready,Hindi,Mid
Excited,Movie,Housefull,Hindi,Mid
Excited,Movie,Golmaal,Hindi,Mid
Excited,Movie,Bol Bachchan,Hindi,Mid
Excited,Movie,Dabangg,Hindi,Mid
Excited,Movie,Dabangg 2,Hindi,Mid
Excited,Movie,Ra One,Hindi,Mid
Excited,Movie,Krrish,Hindi,Mid
Excited,Movie,Krrish 3,Hindi,Mid
Excited,Movie,Zindagi Na Milegi Dobara,Hindi,Mid
Excited,Movie,Rock On,Hindi,Mid
Excited,Movie,Student of the Year,Hindi,Mid
Excited,Movie,Yeh Jawaani Hai Deewani,Hindi,Mid
Excited,Movie,Pathaan,Hindi,New
Excited,Movie,Jawan,Hindi,New
Excited,Movie,Animal,Hindi,New
Excited,Movie,War,Hindi,New
Excited,Movie,Tiger 3,Hindi,New
Excited,Movie,KGF Chapter 1,Hindi,New
Excited,Movie,KGF Chapter 2,Hindi,New
Excited,Movie,Pushpa,Hindi,New
Excited,Movie,Pushpa 2,Hindi,New
Excited,Movie,RRR,Hindi,New
Excited,Movie,Brahmastra,Hindi,New
Excited,Movie,Baaghi,Hindi,New
Excited,Movie,Baaghi 2,Hindi,New
Excited,Movie,Simmba,Hindi,New
Excited,Movie,Sooryavanshi,Hindi,New
Excited,Movie,Tu Jhoothi Main Makkaar,Hindi,New
Excited,Movie,Rocky Aur Rani,Hindi,New
Excited,Movie,Jug Jug Jeeyo,Hindi,New
Excited,Movie,Street Dancer,Hindi,New
Excited,Movie,Gully Boy,Hindi,New
Excited,Movie,Top Gun,English,Old
Excited,Movie,Jurassic Park,English,Old
Excited,Movie,Back to the Future,English,Old
Excited,Movie,Indiana Jones,English,Old
Excited,Movie,Die Hard,English,Old
Excited,Movie,Terminator 2,English,Old
Excited,Movie,Rocky,English,Old
Excited,Movie,The Matrix,English,Old
Excited,Movie,Speed,English,Old
Excited,Movie,Men in Black,English,Old
Excited,Movie,The Mask,English,Old
Excited,Movie,Home Alone,English,Old
Excited,Movie,Ghostbusters,English,Old
Excited,Movie,Jumanji,English,Old
Excited,Movie,The Mummy,English,Old
Excited,Movie,Armageddon,English,Old
Excited,Movie,Independence Day,English,Old
Excited,Movie,Face Off,English,Old
Excited,Movie,Blade,English,Old
Excited,Movie,Rush Hour,English,Old
Excited,Movie,Fast and Furious,English,Mid
Excited,Movie,Fast Five,English,Mid
Excited,Movie,Avengers,English,Mid
Excited,Movie,Avengers Age of Ultron,English,Mid
Excited,Movie,Iron Man,English,Mid
Excited,Movie,Thor,English,Mid
Excited,Movie,The Dark Knight,English,Mid
Excited,Movie,Inception,English,Mid
Excited,Movie,Interstellar,English,Mid
Excited,Movie,Mission Impossible,English,Mid
Excited,Movie,Transformers,English,Mid
Excited,Movie,The Hunger Games,English,Mid
Excited,Movie,John Wick,English,Mid
Excited,Movie,Deadpool,English,Mid
Excited,Movie,Guardians of the Galaxy,English,Mid
Excited,Movie,Pacific Rim,English,Mid
Excited,Movie,Now You See Me,English,Mid
Excited,Movie,Edge of Tomorrow,English,Mid
Excited,Movie,World War Z,English,Mid
Excited,Movie,The Amazing Spider Man,English,Mid
Excited,Movie,Avengers Endgame,English,New
Excited,Movie,Spider Man No Way Home,English,New
Excited,Movie,Top Gun Maverick,English,New
Excited,Movie,The Batman,English,New
Excited,Movie,Oppenheimer,English,New
Excited,Movie,Barbie,English,New
Excited,Movie,Dune,English,New
Excited,Movie,Dune Part Two,English,New
Excited,Movie,John Wick 4,English,New
Excited,Movie,Fast X,English,New
Excited,Movie,Extraction,English,New
Excited,Movie,Extraction 2,English,New
Excited,Movie,The Gray Man,English,New
Excited,Movie,Red Notice,English,New
Excited,Movie,Free Guy,English,New
Excited,Movie,Black Adam,English,New
Excited,Movie,Doctor Strange Multiverse,English,New
Excited,Movie,Thor Love and Thunder,English,New
Excited,Movie,Guardians Vol 3,English,New
Excited,Movie,The Flash,English,New
Excited,Music,Disco Dancer,Hindi,Old
Excited,Music,Jumma Chumma,Hindi,Old
Excited,Music,I Am a Disco Dancer,Hindi,Old
Excited,Music,Om Shanti Om (old),Hindi,Old
Excited,Music,Ek Do Teen,Hindi,Old
Excited,Music,Tamma Tamma Loge,Hindi,Old
Excited,Music,Yamma Yamma,Hindi,Old
Excited,Music,Dum Maro Dum,Hindi,Old
Excited,Music,Mehbooba Mehbooba,Hindi,Old
Excited,Music,Pag Ghunghroo,Hindi,Old
Excited,Music,Jawani Janeman,Hindi,Old
Excited,Music,Khaike Paan Banaraswala,Hindi,Old
Excited,Music,My Name Is Lakhan,Hindi,Old
Excited,Music,Hawa Hawai,Hindi,Old
Excited,Music,Saat Samundar,Hindi,Old
Excited,Music,Tu Cheez Badi Hai Mast,Hindi,Old
Excited,Music,Ole Ole,Hindi,Old
Excited,Music,Choli Ke Peeche,Hindi,Old
Excited,Music,Yeh Kaali Kaali Aankhen,Hindi,Old
Excited,Music,Tan Tana Tan,Hindi,Old
Excited,Music,Desi Girl,Hindi,Mid
Excited,Music,Sheila Ki Jawani,Hindi,Mid
Excited,Music,Munni Badnaam,Hindi,Mid
Excited,Music,Senorita,Hindi,Mid
Excited,Music,Subha Hone Na De,Hindi,Mid
Excited,Music,Party All Night,Hindi,Mid
Excited,Music,Abhi Toh Party Shuru Hui Hai,Hindi,Mid
Excited,Music,Saturday Saturday,Hindi,Mid
Excited,Music,Kar Gayi Chull,Hindi,Mid
Excited,Music,Chammak Challo,Hindi,Mid
Excited,Music,Dance Basanti,Hindi,Mid
Excited,Music,Malhari,Hindi,Mid
Excited,Music,Balam Pichkari,Hindi,Mid
Excited,Music,Badtameez Dil,Hindi,Mid
Excited,Music,Gallan Goodiyan,Hindi,Mid
Excited,Music,Dilliwali Girlfriend,Hindi,Mid
Excited,Music,Tareefan,Hindi,Mid
Excited,Music,London Thumakda,Hindi,Mid
Excited,Music,Tune Maari Entriyaan,Hindi,Mid
Excited,Music,Radha,Hindi,Mid
Excited,Music,What Jhumka,Hindi,New
Excited,Music,Jhoome Jo Pathaan,Hindi,New
Excited,Music,Kesariya Dance Mix,Hindi,New
Excited,Music,Naatu Naatu,Hindi,New
Excited,Music,Arabic Kuthu,Hindi,New
Excited,Music,Current Laga Re,Hindi,New
Excited,Music,Show Me The Thumka,Hindi,New
Excited,Music,Apna Time Aayega,Hindi,New
Excited,Music,Jalebi Baby,Hindi,New
Excited,Music,Nach Punjaban,Hindi,New
Excited,Music,Coca Cola,Hindi,New
Excited,Music,Burj Khalifa,Hindi,New
Excited,Music,Param Sundari,Hindi,New
Excited,Music,Sauda Khara Khara,Hindi,New
Excited,Music,Besharam Rang,Hindi,New
Excited,Music,Ra Ra Rakkamma,Hindi,New
Excited,Music,Pasoori (Hindi vibe),Hindi,New
Excited,Music,Jugnu,Hindi,New
Excited,Music,Heeriye,Hindi,New
Excited,Music,Players,Hindi,New
Excited,Music,We Will Rock You,English,Old
Excited,Music,We Are the Champions,English,Old
Excited,Music,Eye of the Tiger,English,Old
Excited,Music,Don't Stop Me Now,English,Old
Excited,Music,Stayin Alive,English,Old
Excited,Music,Dancing Queen,English,Old
Excited,Music,Footloose,English,Old
Excited,Music,Thriller,English,Old
Excited,Music,Beat It,English,Old
Excited,Music,Wake Me Up Before You Go Go,English,Old
Excited,Music,U Can't Touch This,English,Old
Excited,Music,Holiday,English,Old
Excited,Music,September,English,Old
Excited,Music,Good Vibrations,English,Old
Excited,Music,I'm a Believer,English,Old
Excited,Music,ABC,English,Old
Excited,Music,Rock with You,English,Old
Excited,Music,You Make My Dreams,English,Old
Excited,Music,Ain't No Mountain High Enough,English,Old
Excited,Music,Jump,English,Old
Excited,Music,Uptown Funk,English,Mid
Excited,Music,Happy,English,Mid
Excited,Music,On Top of the World,English,Mid
Excited,Music,Sugar,English,Mid
Excited,Music,Counting Stars,English,Mid
Excited,Music,Shake It Off,English,Mid
Excited,Music,Firework,English,Mid
Excited,Music,Good Time,English,Mid
Excited,Music,Rather Be,English,Mid
Excited,Music,Roar,English,Mid
Excited,Music,Call Me Maybe,English,Mid
Excited,Music,Party Rock Anthem,English,Mid
Excited,Music,Tik Tok,English,Mid
Excited,Music,We Found Love,English,Mid
Excited,Music,Can't Stop the Feeling,English,Mid
Excited,Music,Best Day of My Life,English,Mid
Excited,Music,I Gotta Feeling,English,Mid
Excited,Music,Wake Me Up,English,Mid
Excited,Music,Feel This Moment,English,Mid
Excited,Music,Timber,English,Mid
Excited,Music,Dynamite,English,New
Excited,Music,Levitating,English,New
Excited,Music,Blinding Lights,English,New
Excited,Music,As It Was,English,New
Excited,Music,Watermelon Sugar,English,New
Excited,Music,Peaches,English,New
Excited,Music,Sunroof,English,New
Excited,Music,Stay,English,New
Excited,Music,Good 4 U,English,New
Excited,Music,Heat Waves,English,New
Excited,Music,Industry Baby,English,New
Excited,Music,About Damn Time,English,New
Excited,Music,Flowers,English,New
Excited,Music,Anti Hero,English,New
Excited,Music,Golden,English,New
Excited,Music,Adore You,English,New
Excited,Music,Shivers,English,New
Excited,Music,Unstoppable,English,New
Excited,Music,Espresso,English,New
Excited,Music,Greedy,English,New
Excited,Book,The Alchemist,English,Mid
Excited,Book,Rich Dad Poor Dad,English,Mid
Excited,Book,Think and Grow Rich,English,Mid
Excited,Book,The Power of Now,English,Mid
Excited,Book,Start With Why,English,Mid
Excited,Book,Grit,English,Mid
Excited,Book,Deep Work,English,Mid
Excited,Book,Big Magic,English,Mid
Excited,Book,Make Your Bed,English,Mid
Excited,Book,Outliers,English,Mid
Excited,Book,Drive,English,Mid
Excited,Book,Flow,English,Mid
Excited,Book,The 7 Habits of Highly Effective People,English,Mid
Excited,Book,Awaken the Giant Within,English,Mid
Excited,Book,Think Big,English,Mid
Excited,Book,The Magic of Thinking Big,English,Mid
Excited,Book,Who Moved My Cheese,English,Mid
Excited,Book,The Secret,English,Mid
Excited,Book,The Happiness Project,English,Mid
Excited,Book,You Can Win,English,Mid
Excited,Book,Atomic Habits,English,New
Excited,Book,Ikigai,English,New
Excited,Book,The Psychology of Money,English,New
Excited,Book,Do Epic Shit,English,New
Excited,Book,Life's Amazing Secrets,English,New
Excited,Book,Think Like a Monk,English,New
Excited,Book,You Are a Badass,English,New
Excited,Book,The 5 AM Club,English,New
Excited,Book,Can't Hurt Me,English,New
Excited,Book,The Comfort Book,English,New
Excited,Book,Greenlights,English,New
Excited,Book,Limitless,English,New
Excited,Book,The Almanack of Naval Ravikant,English,New
Excited,Book,Keep Going,English,New
Excited,Book,The Code of the Extraordinary Mind,English,New
Excited,Book,Rework,English,New
Excited,Book,Make Time,English,New
Excited,Book,Digital Minimalism,English,New
Excited,Book,Essentialism,English,New
Excited,Book,The Mountain Is You,English,New
Excited,Series,Kota Factory,Hindi,Mid
Excited,Series,TVF Pitchers,Hindi,Mid
Excited,Series,Hostel Daze,Hindi,Mid
Excited,Series,Engineering Girls,Hindi,Mid
Excited,Series,Girls Hostel,Hindi,Mid
Excited,Series,College Romance,Hindi,Mid
Excited,Series,Flames,Hindi,Mid
Excited,Series,Little Things,Hindi,Mid
Excited,Series,What The Folks,Hindi,Mid
Excited,Series,Adulting,Hindi,Mid
Excited,Series,Panchayat,Hindi,Mid
Excited,Series,Cubicles,Hindi,Mid
Excited,Series,ImMATURE,Hindi,Mid
Excited,Series,Baked,Hindi,Mid
Excited,Series,Humorously Yours,Hindi,Mid
Excited,Series,Better Life Foundation,Hindi,Mid
Excited,Series,Please Find Attached,Hindi,Mid
Excited,Series,Love Lust and Confusion,Hindi,Mid
Excited,Series,Minus One,Hindi,Mid
Excited,Series,OK Computer,Hindi,Mid
Excited,Series,Mismatched,Hindi,New
Excited,Series,Highway Love,Hindi,New
Excited,Series,School Friends,Hindi,New
Excited,Series,Ishq Express,Hindi,New
Excited,Series,Feels Like Ishq,Hindi,New
Excited,Series,Campus Diaries,Hindi,New
Excited,Series,Crushed,Hindi,New
Excited,Series,Gullak,Hindi,New
Excited,Series,Panchayat Season 2,Hindi,New
Excited,Series,Panchayat Season 3,Hindi,New
Excited,Series,Cubicles Season 3,Hindi,New
Excited,Series,Half CA,Hindi,New
Excited,Series,Modern Love Mumbai,Hindi,New
Excited,Series,Modern Love Hyderabad,Hindi,New
Excited,Series,Feels Like Home,Hindi,New
Excited,Series,Minus One Season 2,Hindi,New
Excited,Series,The Fame Game,Hindi,New
Excited,Series,Butterflies,Hindi,New
Excited,Series,Love Storiyaan,Hindi,New
Excited,Series,Hostel Daze Season 3,Hindi,New
Excited,Series,Friends,English,Mid
Excited,Series,The Office,English,Mid
Excited,Series,Brooklyn Nine Nine,English,Mid
Excited,Series,How I Met Your Mother,English,Mid
Excited,Series,Modern Family,English,Mid
Excited,Series,The Big Bang Theory,English,Mid
Excited,Series,New Girl,English,Mid
Excited,Series,Jane the Virgin,English,Mid
Excited,Series,Parks and Recreation,English,Mid
Excited,Series,Scrubs,English,Mid
Excited,Series,Community,English,Mid
Excited,Series,Malcolm in the Middle,English,Mid
Excited,Series,Chuck,English,Mid
Excited,Series,Entourage,English,Mid
Excited,Series,Arrested Development,English,Mid
Excited,Series,Gilmore Girls,English,Mid
Excited,Series,That 70s Show,English,Mid
Excited,Series,The Middle,English,Mid
Excited,Series,Full House,English,Mid
Excited,Series,The Good Place,English,Mid
Excited,Series,Ted Lasso,English,New
Excited,Series,Emily in Paris,English,New
Excited,Series,Sex Education,English,New
Excited,Series,Never Have I Ever,English,New
Excited,Series,Young Sheldon,English,New
Excited,Series,Schitts Creek,English,New
Excited,Series,Kim's Convenience,English,New
Excited,Series,Atypical,English,New
Excited,Series,Heartstopper,English,New
Excited,Series,The Bear,English,New
Excited,Series,Only Murders in the Building,English,New
Excited,Series,Bridgerton,English,New
Excited,Series,Upload,English,New
Excited,Series,Modern Love,English,New
Excited,Series,Dash and Lily,English,New
Excited,Series,Love Life,English,New
Excited,Series,Crash Landing on You,English,New
Excited,Series,True Beauty,English,New
Excited,Series,Business Proposal,English,New
Excited,Series,All of Us Are Dead,English,New